# source_page	target	reason	branch	measure
# page-map v2 - GENERATED by page-structure-advice.py v1.3.0; the Markdown report is its rendering.
# branch: spec 9e routing branch 1-4; 5 = RETIRED (non-authoritative guide tree, not migrated).
MIIIGModulBiobank/Index.page.md	input/pagecontent/index.md	an agreed page already owns the concern	3	agreed page named 'index' exists in the target
MIIIGModulBiobank/Release-Notes.page.md	input/pagecontent/changes.md	semantic home per references/routing-table.tsv	3	semantic match 'releasenotes' -> changes (routing-table)
MIIIGModulBiobank/BeschreibungModul.page.md	input/pagecontent/index.md	semantic home per references/routing-table.tsv	3	semantic match 'beschreibungmodul' -> index (routing-table)
MIIIGModulBiobank/KontextimGesamtprojektBezgezuanderenModulen.page.md	input/pagecontent/implementer-guidance.md	semantic home per references/routing-table.tsv	3	semantic match 'kontextimgesamtprojekt' -> implementer-guidance (routing-table)
MIIIGModulBiobank/Referenzen.page.md	input/pagecontent/implementer-guidance.md	semantic home per references/routing-table.tsv	3	semantic match 'referenzen' -> implementer-guidance (routing-table)
MIIIGModulBiobank/AnwendungsfaelleInformationsmodell/Index.page.md	RETIRED	intentionally empty in source ("Diese Seite wurde absichtlich leer gelassen") — children routed individually	5	human review 2026-08-27: page body is the empty-placeholder sentence only
MIIIGModulBiobank/AnwendungsfaelleInformationsmodell/BeschreibungvonSzenarienfrdieAnwendungderModule.page.md	input/pagecontent/guidance.md	semantic home per references/routing-table.tsv	3	semantic match 'szenarien' -> guidance (routing-table)
MIIIGModulBiobank/AnwendungsfaelleInformationsmodell/DatensaetzeinklBeschreibungen.page.md	input/pagecontent/logical-models.md	semantic home per references/routing-table.tsv	3	semantic match 'datensaetze' -> logical-models (routing-table)
MIIIGModulBiobank/AnwendungsfaelleInformationsmodell/UML.page.md	input/pagecontent/uml-diagrams.md	semantic home per references/routing-table.tsv	3	semantic match 'uml' -> uml-diagrams (routing-table)
MIIIGModulBiobank/AnwendungsfaelleInformationsmodell/index.page.md	RETIRED	case-duplicate of Index.page.md on case-insensitive FS (same file, listed twice)	5	human review 2026-08-27
MIIIGModulBiobank/TechnischeImplementierung/Index.page.md	RETIRED	intentionally empty in source ("Diese Seite wurde absichtlich leer gelassen") — children routed individually	5	human review 2026-08-27
MIIIGModulBiobank/TechnischeImplementierung/Terminologien.page.md	input/pagecontent/code-systems.md	semantic home per references/routing-table.tsv	3	semantic match 'terminologien' -> code-systems (routing-table)
MIIIGModulBiobank/TechnischeImplementierung/CapabilityStatement.page.md	input/pagecontent/capability-statements.md	semantic home per references/routing-table.tsv	3	semantic match 'capabilitystatement' -> capability-statements (routing-table)
MIIIGModulBiobank/TechnischeImplementierung/FHIR-Profile/Index.page.md	input/pagecontent/profiles.md	an agreed page already owns the concern (edited from generated hub fhir-profile.md)	3	human review 2026-08-27: prose is a profiles-overview, belongs on profiles.md
MIIIGModulBiobank/TechnischeImplementierung/FHIR-Profile/SubstanceAdditiv.page.md	input/intro-notes/StructureDefinition-mii-pr-biobank-substance-additiv-intro.md	content about one artefact - its intro note	1	compact match on mii-pr-biobank-substance-additiv (2 candidate artefacts)
MIIIGModulBiobank/TechnischeImplementierung/FHIR-Profile/Organization/Index.page.md	input/intro-notes/StructureDefinition-mii-pr-biobank-organization-intro.md	content about one artefact - its intro note (edited from generated merged page organization.md)	1	human review 2026-08-27: page subject is the Organization profile
MIIIGModulBiobank/TechnischeImplementierung/FHIR-Profile/Organization/Extensions.page.md	input/pagecontent/extensions.md	an agreed page already owns the concern	3	agreed page named 'extensions' exists in the target
MIIIGModulBiobank/TechnischeImplementierung/FHIR-Profile/Specimen/Index.page.md	input/pagecontent/profiles.md	family overview - h3/h4 section on an artefact index page	2	3 children, 2 anchoring distinct artefacts (StructureDefinition)
MIIIGModulBiobank/TechnischeImplementierung/FHIR-Profile/Specimen/Extensions.page.md	input/pagecontent/extensions.md	an agreed page already owns the concern	3	agreed page named 'extensions' exists in the target
MIIIGModulBiobank/TechnischeImplementierung/FHIR-Profile/Specimen/DNAKonzentration.page.md	input/intro-notes/StructureDefinition-mii-pr-biobank-observation-dna-konzentration-intro.md	content about one artefact - its intro note	1	compact match on mii-pr-biobank-observation-dna-konzentration (1 candidate artefact)
MIIIGModulBiobank/TechnischeImplementierung/FHIR-Profile/Specimen/Qualitaetspruefung.page.md	input/intro-notes/StructureDefinition-mii-pr-biobank-observation-qualitaetspruefung-intro.md	content about one artefact - its intro note	1	compact match on mii-pr-biobank-observation-qualitaetspruefung (1 candidate artefact)
MIIIGModulBiobank/TechnischeImplementierung/FHIR-Profile/ZelllinieOrganoid/Index.page.md	input/pagecontent/profiles.md	family overview - h3/h4 section on an artefact index page	2	8 children, 4 anchoring distinct artefacts (StructureDefinition)
MIIIGModulBiobank/TechnischeImplementierung/FHIR-Profile/ZelllinieOrganoid/Extensions.page.md	input/pagecontent/extensions.md	an agreed page already owns the concern	3	agreed page named 'extensions' exists in the target
MIIIGModulBiobank/TechnischeImplementierung/FHIR-Profile/ZelllinieOrganoid/Karyotyp.page.md	input/intro-notes/StructureDefinition-mii-pr-biobank-observation-karyotyp-intro.md	content about one artefact - its intro note	1	compact match on mii-pr-biobank-observation-karyotyp (2 candidate artefacts)
MIIIGModulBiobank/TechnischeImplementierung/FHIR-Profile/ZelllinieOrganoid/Morphologie.page.md	input/intro-notes/StructureDefinition-mii-pr-biobank-observation-morphologie-intro.md	content about one artefact - its intro note	1	compact match on mii-pr-biobank-observation-morphologie (1 candidate artefact)
MIIIGModulBiobank/TechnischeImplementierung/FHIR-Profile/ZelllinieOrganoid/Wachstumstyp.page.md	input/intro-notes/StructureDefinition-mii-pr-biobank-observation-wachstumstyp-intro.md	content about one artefact - its intro note	1	compact match on mii-pr-biobank-observation-wachstumstyp (2 candidate artefacts)
MIIIGModulBiobank/TechnischeImplementierung/FHIR-Profile/ZelllinieOrganoid/Proliferation.page.md	input/intro-notes/StructureDefinition-mii-pr-biobank-observation-proliferation-intro.md	content about one artefact - its intro note	1	compact match on mii-pr-biobank-observation-proliferation (2 candidate artefacts)
MIIIGModulBiobank/TechnischeImplementierung/FHIR-Profile/ZelllinieOrganoid/Mutationen.page.md	input/pagecontent/profiles.md	subsection of the family overview MIIIGModulBiobank/TechnischeImplementierung/FHIR-Profile/ZelllinieOrganoid/Index.page.md	2	child of family overview MIIIGModulBiobank/TechnischeImplementierung/FHIR-Profile/ZelllinieOrganoid/Index.page.md (no anchor of its own)
MIIIGModulBiobank/TechnischeImplementierung/FHIR-Profile/ZelllinieOrganoid/Kulturbedingungen.page.md	input/pagecontent/profiles.md	subsection of the family overview MIIIGModulBiobank/TechnischeImplementierung/FHIR-Profile/ZelllinieOrganoid/Index.page.md	2	child of family overview MIIIGModulBiobank/TechnischeImplementierung/FHIR-Profile/ZelllinieOrganoid/Index.page.md (no anchor of its own)
MIIIGModulBiobank/TechnischeImplementierung/FHIR-Profile/ZelllinieOrganoid/Phenotyp.page.md	input/pagecontent/profiles.md	subsection of the family overview MIIIGModulBiobank/TechnischeImplementierung/FHIR-Profile/ZelllinieOrganoid/Index.page.md	2	child of family overview MIIIGModulBiobank/TechnischeImplementierung/FHIR-Profile/ZelllinieOrganoid/Index.page.md (no anchor of its own)
MIIIGModulBiobank/AnwendungsfaelleInformationsmodell/glossar.md	input/pagecontent/glossary.md	glossary - own pages:-nested page under guidance (generator coverage gap: non-.page.md file)	4	human review 2026-08-27: in toc.yaml as "Glossar", real domain definitions
