id	layer	check	verdict	subject	evidence	autofix	action
C1-bdafe3	conservation	C1	IDENTISCH	63 source artefacts	all present in fsh-generated, matched by id or canonical url (source: fsh-generated/resources)	-	-
C2-64c34b	conservation	C2	IDENTISCH	output/de (63 artefacts)	every generated resource is rendered and listed in artifacts.html	-	-
C2-eebe68	conservation	C2	IDENTISCH	output/en (63 artefacts)	every generated resource is rendered and listed in artifacts.html	-	-
C3-2e4ab3	conservation	C3	IDENTISCH	BeschreibungvonSzenarienfrdieAnwendungderModule.page.md	migrated -> input/pagecontent/guidance.md (input/pagecontent/guidance.md)	-	-
C3-96c2b9	conservation	C3	IDENTISCH	DatensaetzeinklBeschreibungen.page.md	migrated -> input/pagecontent/logical-models.md (input/pagecontent/logical-models.md)	-	-
C3-fcd593	conservation	C3	IDENTISCH	UML.page.md	migrated -> input/pagecontent/uml-diagrams.md (input/pagecontent/uml-diagrams.md)	-	-
C3-340668	conservation	C3	IDENTISCH	index.page.md	retired: case-duplicate of Index.page.md on case-insensitive FS (same file, listed twice)	-	-
C3-1d126d	conservation	C3	IDENTISCH	BeschreibungModul.page.md	migrated -> input/pagecontent/index.md (input/pagecontent/index.md)	-	-
C3-d22257	conservation	C3	IDENTISCH	MIIIGModulBiobank/Index.page.md	migrated -> input/pagecontent/index.md (input/pagecontent/index.md)	-	-
C3-c7063c	conservation	C3	IDENTISCH	KontextimGesamtprojektBezgezuanderenModulen.page.md	migrated -> input/pagecontent/implementer-guidance.md (input/pagecontent/implementer-guidance.md)	-	-
C3-b75bba	conservation	C3	IDENTISCH	Referenzen.page.md	migrated -> input/pagecontent/implementer-guidance.md (input/pagecontent/implementer-guidance.md)	-	-
C3-126e79	conservation	C3	IDENTISCH	Release-Notes.page.md	migrated -> input/pagecontent/changes.md (input/pagecontent/changes.md)	-	-
C3-32eff4	conservation	C3	IDENTISCH	CapabilityStatement.page.md	migrated -> input/pagecontent/capability-statements.md (input/pagecontent/capability-statements.md)	-	-
C3-880292	conservation	C3	IDENTISCH	FHIR-Profile/Index.page.md	migrated -> input/pagecontent/profiles.md (input/pagecontent/profiles.md)	-	-
C3-b80a3c	conservation	C3	IDENTISCH	Organization/Extensions.page.md	migrated -> input/pagecontent/extensions.md (input/pagecontent/extensions.md)	-	-
C3-4b6be2	conservation	C3	IDENTISCH	Organization/Index.page.md	migrated -> input/intro-notes/StructureDefinition-mii-pr-biobank-organization-intro.md (input/intro-notes/StructureDefinition-mii-pr-biobank-organization-intro.md)	-	-
C3-c10e7a	conservation	C3	IDENTISCH	DNAKonzentration.page.md	migrated -> input/intro-notes/StructureDefinition-mii-pr-biobank-observation-dna-konzentration-intro.md (input/intro-notes/StructureDefinition-mii-pr-biobank-observation-dna-konzentration-intro.md)	-	-
C3-d32af3	conservation	C3	IDENTISCH	Specimen/Extensions.page.md	migrated -> input/pagecontent/extensions.md (input/pagecontent/extensions.md)	-	-
C3-d5a7f7	conservation	C3	IDENTISCH	Specimen/Index.page.md	migrated -> input/pagecontent/profiles.md (input/pagecontent/profiles.md)	-	-
C3-0dcf8d	conservation	C3	IDENTISCH	Qualitaetspruefung.page.md	migrated -> input/intro-notes/StructureDefinition-mii-pr-biobank-observation-qualitaetspruefung-intro.md (input/intro-notes/StructureDefinition-mii-pr-biobank-observation-qualitaetspruefung-intro.md)	-	-
C3-959409	conservation	C3	IDENTISCH	SubstanceAdditiv.page.md	migrated -> input/intro-notes/StructureDefinition-mii-pr-biobank-substance-additiv-intro.md (input/intro-notes/StructureDefinition-mii-pr-biobank-substance-additiv-intro.md)	-	-
C3-1f05a6	conservation	C3	IDENTISCH	ZelllinieOrganoid/Extensions.page.md	migrated -> input/pagecontent/extensions.md (input/pagecontent/extensions.md)	-	-
C3-066d0b	conservation	C3	IDENTISCH	ZelllinieOrganoid/Index.page.md	migrated -> input/pagecontent/profiles.md (input/pagecontent/profiles.md)	-	-
C3-8b52fb	conservation	C3	IDENTISCH	Karyotyp.page.md	migrated -> input/intro-notes/StructureDefinition-mii-pr-biobank-observation-karyotyp-intro.md (input/intro-notes/StructureDefinition-mii-pr-biobank-observation-karyotyp-intro.md)	-	-
C3-7142e7	conservation	C3	IDENTISCH	Kulturbedingungen.page.md	migrated -> input/pagecontent/profiles.md (input/pagecontent/profiles.md)	-	-
C3-ae79c8	conservation	C3	IDENTISCH	Morphologie.page.md	migrated -> input/intro-notes/StructureDefinition-mii-pr-biobank-observation-morphologie-intro.md (input/intro-notes/StructureDefinition-mii-pr-biobank-observation-morphologie-intro.md)	-	-
C3-61a316	conservation	C3	IDENTISCH	Mutationen.page.md	migrated -> input/pagecontent/profiles.md (input/pagecontent/profiles.md)	-	-
C3-e31cb2	conservation	C3	IDENTISCH	Phenotyp.page.md	migrated -> input/pagecontent/profiles.md (input/pagecontent/profiles.md)	-	-
C3-250dce	conservation	C3	IDENTISCH	Proliferation.page.md	migrated -> input/intro-notes/StructureDefinition-mii-pr-biobank-observation-proliferation-intro.md (input/intro-notes/StructureDefinition-mii-pr-biobank-observation-proliferation-intro.md)	-	-
C3-b261a3	conservation	C3	IDENTISCH	Wachstumstyp.page.md	migrated -> input/intro-notes/StructureDefinition-mii-pr-biobank-observation-wachstumstyp-intro.md (input/intro-notes/StructureDefinition-mii-pr-biobank-observation-wachstumstyp-intro.md)	-	-
C3-2fe7d8	conservation	C3	IDENTISCH	TechnischeImplementierung/Index.page.md	retired: intentionally empty in source ("Diese Seite wurde absichtlich leer gelassen") — children routed individually	-	-
C3-d04b32	conservation	C3	IDENTISCH	Terminologien.page.md	migrated -> input/pagecontent/code-systems.md (input/pagecontent/code-systems.md)	-	-
C4-811435	conservation	C4	DIVERGIERT	BeschreibungModul.page.md	5 of 23 PROSE runs of the source page are in no target page (first: Sowohl die übergeordnete Biobank in ihrer Organisation, ihr…)	-	map the missing text to a target page section, or record the loss in the report's content map
C4-e4b03b	conservation	C4	DIVERGIERT	BeschreibungvonSzenarienfrdieAnwendungderModule.page.md	3 of 5 PROSE runs of the source page are in no target page (first: Bereits etablierte Anwendungen dieser Harmonisierung, die es…)	-	map the missing text to a target page section, or record the loss in the report's content map
C4-196ae3	conservation	C4	DIVERGIERT	CapabilityStatement.page.md	3 of 6 PROSE runs of the source page are in no target page (first: ## Um eine dezentrale Datenauswertung mittels des Deutsche F…)	-	map the missing text to a target page section, or record the loss in the report's content map
C4-84b3c1	conservation	C4	NICHT PRUEFBAR	DNAKonzentration.page.md	the source page embeds an element-tree rendering (5 occurrences of the renderer's marker); 1 of 2 runs are in no target page, but prose and rendered view cannot be told apart in it	-	read the page against its target: migration replaces the VIEW with the artefact page (R1), so only its prose has to be conserved -- and only a human can say which is which here
C4-f28d3b	conservation	C4	DIVERGIERT	DatensaetzeinklBeschreibungen.page.md	3 of 10 PROSE runs of the source page are in no target page (first: Für jedes Element innerhalb des Logical Models existiert ein…)	-	map the missing text to a target page section, or record the loss in the report's content map
C4-49d110	conservation	C4	DIVERGIERT	FHIR-Profile/Index.page.md	4 of 5 PROSE runs of the source page are in no target page (first: Insbesondere sei hier die [International Patient Summary]( h…); 3 generated table row(s) excluded -- migration replaces that view with the artefact page (R1 checks THAT)	-	map the missing text to a target page section, or record the loss in the report's content map
C4-b5cb80	conservation	C4	NICHT PRUEFBAR	Karyotyp.page.md	the source page embeds an element-tree rendering (5 occurrences of the renderer's marker); 1 of 2 runs are in no target page, but prose and rendered view cannot be told apart in it	-	read the page against its target: migration replaces the VIEW with the artefact page (R1), so only its prose has to be conserved -- and only a human can say which is which here
C4-6b5222	conservation	C4	DIVERGIERT	KontextimGesamtprojektBezgezuanderenModulen.page.md	3 of 7 PROSE runs of the source page are in no target page (first: Sowohl die unterschiedlichen Sammlungen in einer Biobank als…)	-	map the missing text to a target page section, or record the loss in the report's content map
C4-08bffd	conservation	C4	DIVERGIERT	Kulturbedingungen.page.md	3 of 5 PROSE runs of the source page are in no target page (first: Allerdings wird von Seiten des KDS Teams empfohlen, solche I…)	-	map the missing text to a target page section, or record the loss in the report's content map
C4-05812f	conservation	C4	DIVERGIERT	MIIIGModulBiobank/Index.page.md	6 of 13 PROSE runs of the source page are in no target page (first: Die vorliegende Spezifikation beschreibt die FHIR Repräsenta…); 6 generated table row(s) excluded -- migration replaces that view with the artefact page (R1 checks THAT)	-	map the missing text to a target page section, or record the loss in the report's content map
C4-e368f8	conservation	C4	NICHT PRUEFBAR	Morphologie.page.md	the source page embeds an element-tree rendering (5 occurrences of the renderer's marker); 1 of 2 runs are in no target page, but prose and rendered view cannot be told apart in it	-	read the page against its target: migration replaces the VIEW with the artefact page (R1), so only its prose has to be conserved -- and only a human can say which is which here
C4-6d4769	conservation	C4	DIVERGIERT	Mutationen.page.md	3 of 4 PROSE runs of the source page are in no target page (first: Bei der Abbildung von in einer Zellinie/Organoid festgestell…)	-	map the missing text to a target page section, or record the loss in the report's content map
C4-e49299	conservation	C4	IDENTISCH	Organization/Extensions.page.md	all 3 prose runs present in the target's de corpus	-	-
C4-89bd7b	conservation	C4	NICHT PRUEFBAR	Organization/Index.page.md	the source page embeds an element-tree rendering (5 occurrences of the renderer's marker); 3 of 9 runs are in no target page, but prose and rendered view cannot be told apart in it	-	read the page against its target: migration replaces the VIEW with the artefact page (R1), so only its prose has to be conserved -- and only a human can say which is which here
C4-24dd1c	conservation	C4	DIVERGIERT	Phenotyp.page.md	2 of 2 PROSE runs of the source page are in no target page (first: Für eine Zellinie oder ein Organoid kann eine Diagnose / ein…)	-	map the missing text to a target page section, or record the loss in the report's content map
C4-f0ae68	conservation	C4	NICHT PRUEFBAR	Proliferation.page.md	the source page embeds an element-tree rendering (5 occurrences of the renderer's marker); 1 of 2 runs are in no target page, but prose and rendered view cannot be told apart in it	-	read the page against its target: migration replaces the VIEW with the artefact page (R1), so only its prose has to be conserved -- and only a human can say which is which here
C4-7a29e6	conservation	C4	NICHT PRUEFBAR	Qualitaetspruefung.page.md	the source page embeds an element-tree rendering (5 occurrences of the renderer's marker); 1 of 3 runs are in no target page, but prose and rendered view cannot be told apart in it	-	read the page against its target: migration replaces the VIEW with the artefact page (R1), so only its prose has to be conserved -- and only a human can say which is which here
C4-fe91db	conservation	C4	DIVERGIERT	Referenzen.page.md	10 of 17 PROSE runs of the source page are in no target page (first: Der [SPREC 4.0]( (Standard PREanalytical Code) wurde entwick…)	-	map the missing text to a target page section, or record the loss in the report's content map
C4-03ec0a	conservation	C4	DIVERGIERT	Release-Notes.page.md	1 of 11 PROSE runs of the source page are in no target page (first: - Fix eines Problemes mit der Kardinalität der Extensions in…)	-	map the missing text to a target page section, or record the loss in the report's content map
C4-0cb00c	conservation	C4	DIVERGIERT	Specimen/Extensions.page.md	2 of 10 PROSE runs of the source page are in no target page (first: Um zu einer Verabeitung oder Lagerung die jeweils herrschend…)	-	map the missing text to a target page section, or record the loss in the report's content map
C4-661030	conservation	C4	NICHT PRUEFBAR	Specimen/Index.page.md	the source page embeds an element-tree rendering (5 occurrences of the renderer's marker); 5 of 8 runs are in no target page, but prose and rendered view cannot be told apart in it	-	read the page against its target: migration replaces the VIEW with the artefact page (R1), so only its prose has to be conserved -- and only a human can say which is which here
C4-eafef6	conservation	C4	NICHT PRUEFBAR	SubstanceAdditiv.page.md	the source page embeds an element-tree rendering (5 occurrences of the renderer's marker); 2 of 2 runs are in no target page, but prose and rendered view cannot be told apart in it	-	read the page against its target: migration replaces the VIEW with the artefact page (R1), so only its prose has to be conserved -- and only a human can say which is which here
C4-fc1144	conservation	C4	NICHT PRUEFBAR	TechnischeImplementierung/Index.page.md	the source page carries NO prose -- 0 generated table row(s) only	-	conservation of a generated view is not a text question; confirm the artefact page replaces it (R1)
C4-dcd614	conservation	C4	DIVERGIERT	Terminologien.page.md	15 of 31 PROSE runs of the source page are in no target page (first: Zur eindeutigen Identifizierung von Additiven, Containertype…); 21 generated table row(s) excluded -- migration replaces that view with the artefact page (R1 checks THAT)	-	map the missing text to a target page section, or record the loss in the report's content map
C4-d47516	conservation	C4	DIVERGIERT	UML.page.md	2 of 5 PROSE runs of the source page are in no target page (first: Dieses logische Model dient nur zur Abbildung der Dateneleme…)	-	map the missing text to a target page section, or record the loss in the report's content map
C4-e81cb8	conservation	C4	NICHT PRUEFBAR	Wachstumstyp.page.md	the source page embeds an element-tree rendering (5 occurrences of the renderer's marker); 1 of 2 runs are in no target page, but prose and rendered view cannot be told apart in it	-	read the page against its target: migration replaces the VIEW with the artefact page (R1), so only its prose has to be conserved -- and only a human can say which is which here
C4-266317	conservation	C4	IDENTISCH	ZelllinieOrganoid/Extensions.page.md	all 2 prose runs present in the target's de corpus	-	-
C4-a4894b	conservation	C4	NICHT PRUEFBAR	ZelllinieOrganoid/Index.page.md	the source page embeds an element-tree rendering (5 occurrences of the renderer's marker); 3 of 4 runs are in no target page, but prose and rendered view cannot be told apart in it	-	read the page against its target: migration replaces the VIEW with the artefact page (R1), so only its prose has to be conserved -- and only a human can say which is which here
C4-4cb134	conservation	C4	NICHT PRUEFBAR	index.page.md	the source page carries NO prose -- 0 generated table row(s) only	-	conservation of a generated view is not a text question; confirm the artefact page replaces it (R1)
C5-f09e26	conservation	C5	IDENTISCH	input/includes/menu.xml	all 28 menu entries resolve to a real page	-	-
C5-d64c1f	conservation	C5	IDENTISCH	input/translations/de/includes/menu.xml	all 28 menu entries resolve to a real page	-	-
C5-66f49b	conservation	C5	IDENTISCH	20 narrative pages	every one is reachable from a menu entry	-	-
C5-3cab9a	conservation	C5	IDENTISCH	target page set	every narrative page is either the template's or a page-map target	-	-
C6-56cdd3	conservation	C6	IDENTISCH	BeschreibungModul.page.md	18 of 23 runs placed, most on index -- the mapped target	-	-
C6-602bb1	conservation	C6	IDENTISCH	BeschreibungvonSzenarienfrdieAnwendungderModule.page.md	2 of 5 runs placed, most on guidance -- the mapped target	-	-
C6-c81fe3	conservation	C6	IDENTISCH	CapabilityStatement.page.md	3 of 6 runs placed, most on capability-statements -- the mapped target	-	-
C6-f376d4	conservation	C6	IDENTISCH	DNAKonzentration.page.md	1 of 2 runs placed, most on StructureDefinition-mii-pr-biobank-observation-dna-konzentration-intro -- the mapped target	-	-
C6-86a759	conservation	C6	IDENTISCH	DatensaetzeinklBeschreibungen.page.md	7 of 10 runs placed, most on logical-models -- the mapped target	-	-
C6-ddc83d	conservation	C6	IDENTISCH	FHIR-Profile/Index.page.md	1 of 5 runs placed, most on profiles -- the mapped target	-	-
C6-31c4ba	conservation	C6	IDENTISCH	Karyotyp.page.md	1 of 2 runs placed, most on StructureDefinition-mii-pr-biobank-observation-karyotyp-intro -- the mapped target	-	-
C6-1dd4ca	conservation	C6	IDENTISCH	KontextimGesamtprojektBezgezuanderenModulen.page.md	4 of 7 runs placed, most on implementer-guidance -- the mapped target	-	-
C6-90d909	conservation	C6	IDENTISCH	Kulturbedingungen.page.md	2 of 5 runs placed, most on profiles -- the mapped target	-	-
C6-a4dca5	conservation	C6	IDENTISCH	MIIIGModulBiobank/Index.page.md	7 of 13 runs placed, most on index -- the mapped target	-	-
C6-820d2a	conservation	C6	IDENTISCH	Morphologie.page.md	1 of 2 runs placed, most on StructureDefinition-mii-pr-biobank-observation-morphologie-intro -- the mapped target	-	-
C6-7cae02	conservation	C6	IDENTISCH	Mutationen.page.md	1 of 4 runs placed, most on profiles -- the mapped target	-	-
C6-b34825	conservation	C6	IDENTISCH	Organization/Extensions.page.md	3 of 3 runs placed, most on extensions -- the mapped target	-	-
C6-40149f	conservation	C6	IDENTISCH	Organization/Index.page.md	6 of 9 runs placed, most on StructureDefinition-mii-pr-biobank-organization-intro -- the mapped target	-	-
C6-9a45bc	conservation	C6	IDENTISCH	Proliferation.page.md	1 of 2 runs placed, most on StructureDefinition-mii-pr-biobank-observation-proliferation-intro -- the mapped target	-	-
C6-910e6e	conservation	C6	IDENTISCH	Qualitaetspruefung.page.md	2 of 3 runs placed, most on StructureDefinition-mii-pr-biobank-observation-qualitaetspruefung-intro -- the mapped target	-	-
C6-997ea5	conservation	C6	IDENTISCH	Referenzen.page.md	7 of 17 runs placed, most on implementer-guidance -- the mapped target	-	-
C6-23da97	conservation	C6	IDENTISCH	Release-Notes.page.md	10 of 11 runs placed, most on changes -- the mapped target	-	-
C6-e47e33	conservation	C6	IDENTISCH	Specimen/Extensions.page.md	8 of 10 runs placed, most on extensions -- the mapped target	-	-
C6-ea4beb	conservation	C6	IDENTISCH	Specimen/Index.page.md	3 of 8 runs placed, most on profiles -- the mapped target	-	-
C6-8d2119	conservation	C6	IDENTISCH	Terminologien.page.md	16 of 31 runs placed, most on code-systems -- the mapped target	-	-
C6-dcdd2a	conservation	C6	IDENTISCH	UML.page.md	3 of 5 runs placed, most on uml-diagrams -- the mapped target	-	-
C6-7bab57	conservation	C6	IDENTISCH	Wachstumstyp.page.md	1 of 2 runs placed, most on StructureDefinition-mii-pr-biobank-observation-wachstumstyp-intro -- the mapped target	-	-
C6-bc091e	conservation	C6	IDENTISCH	ZelllinieOrganoid/Extensions.page.md	2 of 2 runs placed, most on extensions -- the mapped target	-	-
C6-600ee2	conservation	C6	IDENTISCH	ZelllinieOrganoid/Index.page.md	1 of 4 runs placed, most on profiles -- the mapped target	-	-
C7-0209b1	conservation	C7	DIVERGIERT	index	5 of 23 prose runs of the source page BeschreibungModul.page.md are in no target page (C4), and index carries no DERIVED marker at all -- text was rewritten and the guide does not say so	-	mark the passage per spec section 9d (the DERIVED comment plus the visible box, in BOTH language mirrors), or restore the source wording; if the text was deliberately dropped, record that in migration-log/page-map.tsv instead
C7-9191f0	conservation	C7	DIVERGIERT	capability-statements	3 of 6 prose runs of the source page CapabilityStatement.page.md are in no target page (C4), and capability-statements carries no DERIVED marker at all -- text was rewritten and the guide does not say so	-	mark the passage per spec section 9d (the DERIVED comment plus the visible box, in BOTH language mirrors), or restore the source wording; if the text was deliberately dropped, record that in migration-log/page-map.tsv instead
C7-bd1fc5	conservation	C7	DIVERGIERT	logical-models	3 of 10 prose runs of the source page DatensaetzeinklBeschreibungen.page.md are in no target page (C4), and logical-models carries no DERIVED marker at all -- text was rewritten and the guide does not say so	-	mark the passage per spec section 9d (the DERIVED comment plus the visible box, in BOTH language mirrors), or restore the source wording; if the text was deliberately dropped, record that in migration-log/page-map.tsv instead
C7-283e85	conservation	C7	DIVERGIERT	implementer-guidance	3 of 7 prose runs of the source page KontextimGesamtprojektBezgezuanderenModulen.page.md are in no target page (C4), and implementer-guidance carries no DERIVED marker at all -- text was rewritten and the guide does not say so	-	mark the passage per spec section 9d (the DERIVED comment plus the visible box, in BOTH language mirrors), or restore the source wording; if the text was deliberately dropped, record that in migration-log/page-map.tsv instead
C7-97eecf	conservation	C7	DIVERGIERT	index	6 of 13 prose runs of the source page MIIIGModulBiobank/Index.page.md are in no target page (C4), and index carries no DERIVED marker at all -- text was rewritten and the guide does not say so	-	mark the passage per spec section 9d (the DERIVED comment plus the visible box, in BOTH language mirrors), or restore the source wording; if the text was deliberately dropped, record that in migration-log/page-map.tsv instead
C7-66a0fd	conservation	C7	DIVERGIERT	implementer-guidance	10 of 17 prose runs of the source page Referenzen.page.md are in no target page (C4), and implementer-guidance carries no DERIVED marker at all -- text was rewritten and the guide does not say so	-	mark the passage per spec section 9d (the DERIVED comment plus the visible box, in BOTH language mirrors), or restore the source wording; if the text was deliberately dropped, record that in migration-log/page-map.tsv instead
C7-4f50d8	conservation	C7	DIVERGIERT	changes	1 of 11 prose runs of the source page Release-Notes.page.md are in no target page (C4), and changes carries no DERIVED marker at all -- text was rewritten and the guide does not say so	-	mark the passage per spec section 9d (the DERIVED comment plus the visible box, in BOTH language mirrors), or restore the source wording; if the text was deliberately dropped, record that in migration-log/page-map.tsv instead
C7-fabfa8	conservation	C7	DIVERGIERT	code-systems	15 of 31 prose runs of the source page Terminologien.page.md are in no target page (C4), and code-systems carries no DERIVED marker at all -- text was rewritten and the guide does not say so	-	mark the passage per spec section 9d (the DERIVED comment plus the visible box, in BOTH language mirrors), or restore the source wording; if the text was deliberately dropped, record that in migration-log/page-map.tsv instead
C7-8a1680	conservation	C7	DIVERGIERT	uml-diagrams	2 of 5 prose runs of the source page UML.page.md are in no target page (C4), and uml-diagrams carries no DERIVED marker at all -- text was rewritten and the guide does not say so	-	mark the passage per spec section 9d (the DERIVED comment plus the visible box, in BOTH language mirrors), or restore the source wording; if the text was deliberately dropped, record that in migration-log/page-map.tsv instead
C7-8d5adc	conservation	C7	NICHT PRUEFBAR	DNAKonzentration.page.md	C4 could not tell this page's prose from its embedded element-tree rendering, so whether anything was rewritten here is not measured	-	read the page against its target (the same human action C4 asks for) and mark whatever the migration wrote per spec section 9d
C7-efc531	conservation	C7	NICHT PRUEFBAR	Karyotyp.page.md	C4 could not tell this page's prose from its embedded element-tree rendering, so whether anything was rewritten here is not measured	-	read the page against its target (the same human action C4 asks for) and mark whatever the migration wrote per spec section 9d
C7-4cfe2e	conservation	C7	NICHT PRUEFBAR	Morphologie.page.md	C4 could not tell this page's prose from its embedded element-tree rendering, so whether anything was rewritten here is not measured	-	read the page against its target (the same human action C4 asks for) and mark whatever the migration wrote per spec section 9d
C7-9ae902	conservation	C7	NICHT PRUEFBAR	Organization/Index.page.md	C4 could not tell this page's prose from its embedded element-tree rendering, so whether anything was rewritten here is not measured	-	read the page against its target (the same human action C4 asks for) and mark whatever the migration wrote per spec section 9d
C7-57aad7	conservation	C7	NICHT PRUEFBAR	Proliferation.page.md	C4 could not tell this page's prose from its embedded element-tree rendering, so whether anything was rewritten here is not measured	-	read the page against its target (the same human action C4 asks for) and mark whatever the migration wrote per spec section 9d
C7-9aaad1	conservation	C7	NICHT PRUEFBAR	Qualitaetspruefung.page.md	C4 could not tell this page's prose from its embedded element-tree rendering, so whether anything was rewritten here is not measured	-	read the page against its target (the same human action C4 asks for) and mark whatever the migration wrote per spec section 9d
C7-c2f6a3	conservation	C7	NICHT PRUEFBAR	Specimen/Index.page.md	C4 could not tell this page's prose from its embedded element-tree rendering, so whether anything was rewritten here is not measured	-	read the page against its target (the same human action C4 asks for) and mark whatever the migration wrote per spec section 9d
C7-f45019	conservation	C7	NICHT PRUEFBAR	SubstanceAdditiv.page.md	C4 could not tell this page's prose from its embedded element-tree rendering, so whether anything was rewritten here is not measured	-	read the page against its target (the same human action C4 asks for) and mark whatever the migration wrote per spec section 9d
C7-d3ef8e	conservation	C7	NICHT PRUEFBAR	Wachstumstyp.page.md	C4 could not tell this page's prose from its embedded element-tree rendering, so whether anything was rewritten here is not measured	-	read the page against its target (the same human action C4 asks for) and mark whatever the migration wrote per spec section 9d
C7-160c69	conservation	C7	NICHT PRUEFBAR	ZelllinieOrganoid/Index.page.md	C4 could not tell this page's prose from its embedded element-tree rendering, so whether anything was rewritten here is not measured	-	read the page against its target (the same human action C4 asks for) and mark whatever the migration wrote per spec section 9d
F1-093008	fidelity	F1	NICHT PRUEFBAR	id	no source value (neither the source tree nor the claims ledger yields one)	-	supply it at Gate A -- an identity field nobody can compare is not a field that matches
F1-bacf3c	fidelity	F1	IDENTISCH	packageId	de.medizininformatikinitiative.kerndatensatz.biobank (identical to the source)	-	-
F1-489e82	fidelity	F1	IDENTISCH	canonical	https://www.medizininformatik-initiative.de/fhir/ext/modul-b… (identical to the source)	-	-
F1-6cbfea	fidelity	F1	IDENTISCH	version	2026.0.1 (identical to the source)	-	-
F1-8a3995	fidelity	F1	IDENTISCH	status	active (identical to the source)	-	-
F1-b5b102	fidelity	F1	NICHT PRUEFBAR	title	the claims ledger holds 2 contradicting readings (FHIR Profile für KDS Biobanken, KDS Biobanken)	-	decide the field at Gate A (check L3), then re-run verification
F1-7bae24	fidelity	F1	IDENTISCH	license	CC-BY-4.0 (identical to the source)	-	-
F1-5451f2	fidelity	F1	IDENTISCH	publisher	Medizininformatik Initiative (identical to the source)	-	-
F1-f60f40	fidelity	F1	IDENTISCH	fhirVersion	4.0.1 (identical to the source)	-	-
F2-d14403	fidelity	F2	DIVERGIERT	de.basisprofil.r4	target 1.5.4  vs  source pin 1.5.x (the source tree (--source))	-	the source pin is the evidence; a registry dist-tag is not. Restore the pin or make the bump a Gate-A decision
F2-ce5cda	fidelity	F2	DIVERGIERT	de.medizininformatikinitiative.kerndatensatz.meta	target 2026.0.0  vs  source pin 2026.0.x (the source tree (--source))	-	the source pin is the evidence; a registry dist-tag is not. Restore the pin or make the bump a Gate-A decision
F2-6629a9	fidelity	F2	IDENTISCH	eu.miabis.r4	pinned 0.2.0, identical to the source pin (the source tree (--source))	-	-
F2-fd0e73	fidelity	F2	NICHT PRUEFBAR	hl7.fhir.uv.crmi	target-only dependency 2.0.0 (not in the source)	-	confirm at Gate A that this is template machinery (hl7.fhir.uv.crmi is) and not an accidental addition
F2-047205	fidelity	F2	NICHT PRUEFBAR	hl7.fhir.uv.extensions.r4	target-only dependency 5.3.0 (not in the source)	-	confirm at Gate A that this is template machinery (hl7.fhir.uv.crmi is) and not an accidental addition
F2-8f9355	fidelity	F2	NICHT PRUEFBAR	hl7.terminology.r4	target-only dependency 7.3.0 (not in the source)	-	confirm at Gate A that this is template machinery (hl7.fhir.uv.crmi is) and not an accidental addition
F3-1a29c4	fidelity	F3	IDENTISCH	license	CC-BY-4.0 asserted from tier source (input/fsh/rulesets/license-terms.fsh (artefact-level spdx ex…)	-	-
F3-ce21cb	fidelity	F3	IDENTISCH	LICENSE file	no LICENSE file in the target -- nothing contradicts the declared scalar (CC-BY-4.0)	-	-
F4-e1f1db	fidelity	F4	IDENTISCH	79 FSH files	no fhir_comments rules, no whitespace-bearing code references	-	-
P1-fded0e	provenance	P1	IDENTISCH	template	rendered de.medizininformatikinitiative.template#1.3.2 == vendored de.medizininformatikinitiative.template#1.3.2	-	-
P2-264584	provenance	P2	NICHT PRUEFBAR	vendored template ref	no `5.2 skeleton-vendored … ref=` line in the run log	-	emit it when vendoring: `bash "$ML" info 5.2 skeleton-vendored "… ref=<tag> commit=<sha>"`
P3-a28a47	provenance	P3	IDENTISCH	IG Publisher version	2.3.2 == the workflow pin	-	-
P3-c39a79	provenance	P3	NICHT PRUEFBAR	IG Publisher currency	the publisher reports itself out of date (current 2.3.3)	-	upgrading the publisher is a target-repository decision, not a migration one -- record it, do not act on it here
P4-379bde	provenance	P4	NICHT PRUEFBAR	source guide version	no `?version=` recorded in the run log or the harvest manifest	-	record the pinned, PUBLISHED guide version like the source commit SHA (spec 5.1c.3)
P5-ae41ea	provenance	P5	IDENTISCH	ig.ini	`ig = fsh-generated/resources/ImplementationGuide-mii-ig-biobank-de-v2026.json` exists in the target	-	-
R1-866fe1	rendering	R1	IDENTISCH	output/de	tables, tabs and images all non-empty and resolvable	-	-
R2-48ed52	rendering	R2	DIVERGIERT	output/de id="ig-status" [{{]	on 1 page(s), e.g. searchform.html: Search {{title}} (Current Build)	-	rendered header/footer metadata defect -- qa.txt does not report it. Fix the metadata it renders (a jurisdiction code the template cannot resolve is the measured case)
R1-e1bc49	rendering	R1	IDENTISCH	output/en	tables, tabs and images all non-empty and resolvable	-	-
R2-d1da9a	rendering	R2	DIVERGIERT	output/en id="ig-status" [{{]	on 1 page(s), e.g. searchform.html: Search {{title}} (Current Build)	-	rendered header/footer metadata defect -- qa.txt does not report it. Fix the metadata it renders (a jurisdiction code the template cannot resolve is the measured case)
R1-76f413	rendering	R1	NICHT PRUEFBAR	source-versus-target rendering	no harvested source HTML (./migration-log/guide-harvest/html) and/or no page map	-	harvest with --keep-html and write the page map; without a source rendering, 'non-empty where non-empty in the source' has no reference
R3-c3bc54	rendering	R3	IDENTISCH	output/de	all 20 narrative pages differ from the default language	-	-
R4-84ad62	rendering	R4	IDENTISCH	template example links	none, over 1 token(s) from template-artifacts.tsv (verified against template package 1.3.2)	-	-
R5-971c40	rendering	R5	IDENTISCH	input/translations/de/ImplementationGuide-mii-ig-biobank-de-v2026.po	a translated unit for every one of the 21 page titles	-	-
L0-28d3e4	log	L0	IDENTISCH	./migration-log/run.log	672 parsed lines, 1 runs	-	-
L1-72b929	log	L1	IDENTISCH	silent-partial-success WARNs	the log carries none across 672 lines	-	-
L2-0e48db	log	L2	IDENTISCH	1 preflight-analysis	present in the log	-	-
L2-5e1c48	log	L2	IDENTISCH	pre.2 classify-source-shape	present in the log	-	-
L2-4fd559	log	L2	IDENTISCH	pre.5 toolchain	present in the log	-	-
L2-541189	log	L2	IDENTISCH	5.1 source-inventory	present in the log	-	-
L2-9a6da6	log	L2	IDENTISCH	2.1 read-identity	present in the log	-	-
L2-23b069	log	L2	IDENTISCH	2.1 package-identity	present in the log	-	-
L2-7163a2	log	L2	IDENTISCH	2.1 repo-identity	present in the log	-	-
L2-07bdbb	log	L2	IDENTISCH	5.1c simplifier-discover	present in the log	-	-
L2-930ba2	log	L2	NICHT PRUEFBAR	5.1d guide-harvest	no line in the log; the step is conditional (the narrative is not in the repository)	-	confirm the condition did not hold -- This is the step whose absence shipped the template's starter pages under a module's name.
L2-91b7ea	log	L2	NICHT PRUEFBAR	5.1b.2 gofsh-input	no line in the log; required only for source shape B, which the log does not state	-	record the shape (pre.2 classify-source-shape) -- The input count, taken BY CONTENT, is the number goFSH's own counts are reconciled against.
L2-f0a960	log	L2	NICHT PRUEFBAR	5.1b.2 gofsh-convert	no line in the log; required only for source shape B, which the log does not state	-	record the shape (pre.2 classify-source-shape) -- goFSH exits 0 having converted 1 of 20 inputs when `-t json-and-xml` is missing; only this line's counts show it.
L2-395531	log	L2	NICHT PRUEFBAR	5.1b.3 sushi-before	no line in the log; required only for source shape B, which the log does not state	-	record the shape (pre.2 classify-source-shape) -- The "41" of 41 → 5: without the baseline the repair's effect is unmeasurable.
L2-837623	log	L2	NICHT PRUEFBAR	5.1b.3 postprocess-gofsh	no line in the log; required only for source shape B, which the log does not state	-	record the shape (pre.2 classify-source-shape) -- The two mechanical repairs; a parse error otherwise TRUNCATES a file while SUSHI still exports the instance.
L2-41942e	log	L2	NICHT PRUEFBAR	5.1b.3 sushi-after	no line in the log; required only for source shape B, which the log does not state	-	record the shape (pre.2 classify-source-shape) -- The "5": the residual, which must be named unresolvable parents and nothing else.
L2-cd2674	log	L2	NICHT PRUEFBAR	5.1b.5 parent-snapshots	no line in the log; the step is conditional (a parent package ships no snapshots)	-	confirm the condition did not hold -- A hand-rolled snapshot fabricates a parent; the detect run is what proves none was needed.
L2-666ef6	log	L2	IDENTISCH	5.2 skeleton-vendored	present in the log	-	-
L2-200a9d	log	L2	IDENTISCH	5.2 sushi-skeleton	present in the log	-	-
L2-9a700e	log	L2	IDENTISCH	5.3 transfer-artefacts	present in the log	-	-
L2-8fadca	log	L2	IDENTISCH	5.4 fql-scan	present in the log	-	-
L2-ec69ec	log	L2	IDENTISCH	5.4a optional-page-decisions	present in the log	-	-
L2-b6ec8c	log	L2	IDENTISCH	5.4b security-privacy-decision	present in the log	-	-
L2-254dc3	log	L2	IDENTISCH	5.4c page-routing	present in the log	-	-
L2-21c0ec	log	L2	IDENTISCH	5.4d derived-scan	present in the log	-	-
L2-a85d96	log	L2	IDENTISCH	5.5 gen-page-title-po	present in the log	-	-
L2-619c38	log	L2	IDENTISCH	5.6 sushi-build	present in the log	-	-
L2-a60619	log	L2	IDENTISCH	5.6 ig-publisher	present in the log	-	-
L2-d8144d	log	L2	IDENTISCH	5.6a sibling-skill-check	present in the log	-	-
L2-bce311	log	L2	IDENTISCH	7 prepost-delta	present in the log	-	-
L2-3b5912	log	L2	IDENTISCH	11 verify-migration	present in the log	-	-
L3-117415	log	L3	DIVERGIERT	identity field dependency:de.basisprofil.r4	1 unresolved contradiction WARN(s), first at 2026-08-27T16:59:28Z: identity-contradiction: field=dependency:de.basisprofil.r4 now=1.5.x->1.5.4 (tier source, kerndatensatz-basis+…	-	unresolved at verification time. It is a Gate-A decision, never a precedence puzzle to settle mechanically -- record it with a `decision:` line naming the field
L3-dce37c	log	L3	DIVERGIERT	identity field dependency:de.medizininformatikinitiative.kerndatensatz.meta	1 unresolved contradiction WARN(s), first at 2026-08-27T16:59:28Z: identity-contradiction: field=dependency:de.medizininformatikinitiative.kerndatensatz.meta now=2026.0.x->2026.…	-	unresolved at verification time. It is a Gate-A decision, never a precedence puzzle to settle mechanically -- record it with a `decision:` line naming the field
L3-fac1a0	log	L3	DIVERGIERT	identity field title	2 unresolved contradiction WARN(s), first at 2026-08-27T16:49:47Z: identity-contradiction: field=title now=KDS Biobanken (tier source, sushi-config.yaml (commented-out name:)) v…	-	unresolved at verification time. It is a Gate-A decision, never a precedence puzzle to settle mechanically -- record it with a `decision:` line naming the field
L3-8766f8	log	L3	IDENTISCH	identity ledger	migration-log/identity-claims.tsv present, 22 claim(s)	-	-
L4-106e61	log	L4	NICHT PRUEFBAR	conversion count	no `gofsh-convert … actual=` line in the log	-	shape B only; for shape A there is nothing to convert
L4-f17740	log	L4	NICHT PRUEFBAR	page count	no harvested count in the log and/or no harvest manifest	-	harvest the guide (step 2c) where the narrative is not in the repo
L4-40cf60	log	L4	IDENTISCH	artifact count	artifacts.html lists 63 for 63 generated resources	-	-
