URL,Version,Status,OIDs,Name,Title,Description,Used
http://hl7.org/fhir/identifier-use,4.0.1,active,"2.16.840.1.113883.4.642.4.58",IdentifierUse,IdentifierUse,"Identifies the purpose for this identifier, if known .","ValueSet/identifier-use"
http://hl7.org/fhir/name-use,4.0.1,active,"2.16.840.1.113883.4.642.4.66",NameUse,NameUse,"The use of a human name.","ValueSet/name-use"
http://hl7.org/fhir/observation-status,4.0.1,active,"2.16.840.1.113883.4.642.4.401",ObservationStatus,ObservationStatus,"Codes providing the status of an observation.","ValueSet/observation-status"
http://hl7.org/fhir/quantity-comparator,4.0.1,active,"2.16.840.1.113883.4.642.4.60",QuantityComparator,QuantityComparator,"How the Quantity should be understood and represented.","ValueSet/quantity-comparator"
http://hl7.org/fhir/specimen-status,4.0.1,draft,"2.16.840.1.113883.4.642.4.472",SpecimenStatus,SpecimenStatus,"Codes providing the status/availability of a specimen.","ValueSet/specimen-status"
http://hl7.org/fhir/substance-status,4.0.1,draft,"2.16.840.1.113883.4.642.4.475",FHIRSubstanceStatus,FHIRSubstanceStatus,"A code to indicate if the substance is actively used.","ValueSet/substance-status"
http://purl.obolibrary.org/obo/pato.owl,http://purl.obolibrary.org/obo/pato/releases/2018-11-12/pato.owl,active,,Phenotypic Quality Ontology,Phenotypic Quality Ontology,"","ValueSet/mii-vs-biobank-cellline-proliferation"
http://snomed.info/sct,null,active,"2.16.840.1.113883.6.96",SNOMED_CT,SNOMED CT (all versions),"SNOMED CT is the most comprehensive and precise clinical health terminology product in the world, owned and distributed around the world by The International Health Terminology Standards Development Organisation (IHTSDO).","ValueSet/mii-vs-biobank-cellline-morphology-sct,ConceptMap/mii-cm-biobank-primary-container-sprec-sct,ConceptMap/mii-cm-biobank-fixation-type-sprec-sct,ValueSet/referencerange-appliesto,ValueSet/mii-vs-biobank-karyotyp-sct,ValueSet/mii-vs-biobank-probenart-sct,ValueSet/mii-vs-biobank-containertyp-sct,ValueSet/substance-code,ValueSet/mii-vs-biobank-cellline-proliferation,ValueSet/mii-vs-biobank-body-structures-sct,ConceptMap/mii-cm-biobank-long-term-storage-sprec-sct,ValueSet/specimen-collection-method,ValueSet/observation-methods,ValueSet/body-site,ValueSet/mii-vs-biobank-substance-additive-sct,ValueSet/mii-vs-biobank-laboratory-procedure-sct,ConceptMap/mii-cm-biobank-sample-type-sprec-sct"
http://terminology.hl7.org/CodeSystem/common-tags,1.0.1,active,"2.16.840.1.113883.4.642.1.1067",CommonTags,Common Tags,"Common Tag Codes defined by FHIR project","ValueSet/common-tags"
http://terminology.hl7.org/CodeSystem/contactentity-type,2.0.0,active,"2.16.840.1.113883.4.642.1.1129",ContactEntityType,Contact entity type,"This example value set defines a set of codes that can be used to indicate the purpose for which you would contact a contact party.","ValueSet/contactentity-type"
http://terminology.hl7.org/CodeSystem/data-absent-reason,2.0.0,active,"2.16.840.1.113883.4.642.4.1048",DataAbsentReason,DataAbsentReason,"Used to specify why the normally expected content of the data element is missing.","ValueSet/data-absent-reason"
http://terminology.hl7.org/CodeSystem/observation-category,2.0.0,active,"2.16.840.1.113883.4.642.1.1125",ObservationCategoryCodes,Observation Category Codes,"Observation Category codes.","ValueSet/observation-category"
http://terminology.hl7.org/CodeSystem/organization-type,2.0.1,active,"2.16.840.1.113883.4.642.1.1128",OrganizationType,Organization type,"This example value set defines a set of codes that can be used to indicate a type of organization.","ValueSet/organization-type"
http://terminology.hl7.org/CodeSystem/referencerange-meaning,1.0.1,active,"2.16.840.1.113883.4.642.1.1124",ObservationReferenceRangeMeaningCodes,Observation Reference Range Meaning Codes,"This value set defines a set of codes that can be used to indicate the meaning/use of a reference range for a particular target population.","ValueSet/referencerange-meaning"
http://terminology.hl7.org/CodeSystem/substance-category,1.0.1,active,"2.16.840.1.113883.4.642.1.1138",SubstanceCategoryCodes,Substance Category Codes,"Substance category codes","ValueSet/substance-category"
http://terminology.hl7.org/CodeSystem/v2-0203,5.0.0,active,"2.16.840.1.113883.18.108",IdentifierType,identifierType,"HL7-defined code system of concepts specifying type of identifier. Used in HL7 Version 2.x messaging data types CX, PLN, PPN, XCN and XON.","ValueSet/identifier-type"
http://terminology.hl7.org/CodeSystem/v2-0371,3.0.0,active,"2.16.840.1.113883.18.229",AdditivePreservative,additivePreservative,"HL7-defined code system of concepts specifying any additive introduced to the specimen before or at the time of collection.  These additives may be introduced in order to preserve, maintain or enhance the particular nature or component of the specimen.  Used in HL7 Version 2.x messaging in the SPM and SAC segments.","ValueSet/v2-0371"
http://terminology.hl7.org/CodeSystem/v2-0373,3.0.0,active,"2.16.840.1.113883.18.231",Treatment,treatment,"Code system of concepts that identify the specimen treatment performed during lab processing.  Used in the Interaction Specimen Container Detail (SAC) segment in HL7 Version 2.x messaging.","ValueSet/specimen-processing-procedure"
http://terminology.hl7.org/CodeSystem/v2-0487,3.0.0,active,"2.16.840.1.113883.18.311",SpecimenType,specimenType,"HL7-defined code system of concepts that describe the precise nature of an entity that may be used as the source material for an observation.  This is one of two code systems that are used instead of table 0070 (code system 2.16.840.1.113883.18.28) which conflated specimen types and specimen collection methods.   Used in HL7 Version 2.x messaging in the SPM segment.","ValueSet/v2-0487"
http://terminology.hl7.org/CodeSystem/v2-0493,3.0.0,active,"2.16.840.1.113883.18.317",SpecimenCondition,specimenCondition,"Code system of concepts specifying a mode or state of being that describes the nature of the specimen.  Used in HL7 Version 2.x messaging in the SPM segment.","ValueSet/v2-0493"
http://terminology.hl7.org/CodeSystem/v2-0916,3.0.0,active,"2.16.840.1.113883.18.422",RelevantClincialInformation,relevantClincialInformation,"Code system of concepts specifying additional clinical information about the patient or specimen to report the supporting and/or suspected diagnosis and clinical findings on requests for interpreted diagnostic studies. Used in HL7 Version 2.x messaging in the OBR segment.","ValueSet/v2-0916"
http://terminology.hl7.org/CodeSystem/v3-ObservationInterpretation,4.0.0,active,"2.16.840.1.113883.5.83",ObservationInterpretation,ObservationInterpretation,"One or more codes providing a rough qualitative interpretation of the observation, such as ""normal"" / ""abnormal"", ""low"" / ""high"", ""better"" / ""worse"", ""resistant"" / ""susceptible"", ""expected"" / ""not expected"". The value set is intended to be for ANY use where coded representation of an interpretation is needed.","ValueSet/observation-interpretation"
http://unitsofmeasure.org,2.2,active,,UCUM,,"This is a place holder for the code system which is fully supported through internal means (not by this code system)","ValueSet/mii-vs-biobank-dna-concentration-units-ucum"
https://fhir.bbmri-eric.eu/fhir/CodeSystem/miabis-detailed-samply-type-cs,null,active,,DetailedSampleTypeCS,DetailedSampleType,"Code system for the detailed sample type of a sample","ValueSet/miabis-detailed-sample-type-vs"
https://www.medizininformatik-initiative.de/fhir/ext/modul-biobank/CodeSystem/mii-cs-biobank-probenebene,2026.0.1,active,,MII_CS_Biobank_Probenebene,MII CS Biobank Probenebene,"Codes um die Probenebene anzugeben","ValueSet/mii-vs-biobank-probenebene"
