Source File	Size	loadResources	load	generateSnapshots	load-configure	scan	loadDepInfo	loadInfo	checkR4R4B	generateNarratives	validate	loadLists	checkConformanceResources	checkConformanceResources2	checkConformanceResources3	generateLogicalMaps	validateExpressions	scanForUsageStats	checkURLsUnique	processProvenanceDetails	translate	generate1	generate2	generateLogicals	makeDependencies	generateExampleZip	generateValidationPack	scanProfilesForR5	scanExamplesForR5
/fsh-generated/resources/ImplementationGuide-mii-ig-biobank-de-v2026.json	31830	-	0	0	0	0	0	0	22	266	0	0	0	0	0	0	0	1	0	0	17	124	408	0	0	0	6	0	1
fsh-generated/resources/CapabilityStatement-mii-cps-biobank-capabilitystatement.json	36263	6	0	0	1	0	0	0	3	58	0	0	0	0	0	0	0	0	0	0	8	79	119	0	0	0	3	0	1
fsh-generated/resources/CodeSystem-mii-cs-biobank-contact-type.json	2451	2	0	0	0	0	0	0	1	7	0	0	0	0	0	0	0	0	0	0	5	47	79	0	0	0	1	0	0
fsh-generated/resources/CodeSystem-mii-cs-biobank-probenebene.json	2928	1	0	0	0	0	0	0	0	3	0	0	1	0	0	0	0	0	0	0	4	12	87	0	0	0	0	0	0
fsh-generated/resources/ConceptMap-mii-cm-biobank-fixation-type-sprec-sct.json	3351	1	0	0	0	0	0	0	0	429	0	0	0	0	0	0	0	0	0	0	2	11	53	0	0	0	1	0	0
fsh-generated/resources/ConceptMap-mii-cm-biobank-long-term-storage-sprec-sct.json	9655	2	0	0	0	0	0	0	1	9	0	0	0	0	0	0	0	0	0	0	2	20	59	0	0	0	1	0	0
fsh-generated/resources/ConceptMap-mii-cm-biobank-primary-container-sprec-sct.json	19973	3	0	0	0	0	0	0	1	12	0	0	0	0	0	0	0	1	0	0	3	29	131	0	0	0	1	0	0
fsh-generated/resources/ConceptMap-mii-cm-biobank-sample-type-sprec-sct.json	12237	2	0	0	1	0	0	0	2	9	0	0	0	0	0	0	0	0	0	0	4	25	69	0	0	0	2	0	0
fsh-generated/resources/DocumentReference-Kulturprotokoll.json	460	2	0	0	0	0	0	0	0	142	0	0	0	0	0	0	0	0	0	0	2	4	12	0	0	0	0	0	0
fsh-generated/resources/DocumentReference-ProtocolCRISPRTP53.json	541	1	0	0	0	0	0	0	0	6	0	0	0	0	0	0	0	0	0	0	3	5	9	0	0	0	0	0	0
fsh-generated/resources/Observation-DNAConcentrationObs1.json	711	1	0	0	0	0	0	0	0	164	0	0	0	0	0	0	0	0	0	0	2	5	18	0	0	0	0	0	0
fsh-generated/resources/Observation-KaryotypOrganoidLunge.json	745	1	0	0	0	0	0	0	0	4	0	0	0	0	0	0	0	0	0	0	2	6	8	0	0	0	0	0	0
fsh-generated/resources/Observation-MorphologieOrganoidLunge.json	795	1	0	0	0	0	0	0	0	3	0	0	0	0	0	0	0	0	0	0	2	5	54	0	0	0	0	0	0
fsh-generated/resources/Observation-ProliferationOrganoidLunge.json	784	1	0	0	0	0	0	0	0	3	0	0	0	0	0	0	0	0	0	0	2	6	12	0	0	0	0	0	0
fsh-generated/resources/Observation-QualitaetspruefungBuffyCoat.json	1500	1	0	0	0	0	0	0	0	5	0	0	0	0	0	0	0	0	0	0	3	7	14	0	0	0	0	0	0
fsh-generated/resources/Observation-QualitaetspruefungPlasma.json	1455	1	0	0	0	0	0	0	0	67	0	0	0	0	0	0	0	0	0	0	2	6	13	0	0	0	0	0	0
fsh-generated/resources/Observation-WachstumstypOrganoidLunge.json	804	1	0	0	0	0	0	0	0	3	0	0	0	0	0	0	0	0	0	0	2	4	120	0	0	0	0	0	0
fsh-generated/resources/Organization-BiobankMusterstadt.json	1457	1	0	0	0	0	0	0	1	4	0	0	0	0	0	0	0	0	0	0	2	7	12	0	0	0	0	0	0
fsh-generated/resources/Organization-Mustersammlung.json	2250	1	0	0	0	0	0	0	0	2	0	0	0	0	0	0	0	0	0	0	3	7	15	0	0	0	0	0	0
fsh-generated/resources/ServiceRequest-GewebeBiopsie.json	524	1	0	0	0	0	0	0	0	4	0	0	0	0	0	0	0	0	0	0	2	4	18	0	0	0	0	0	0
fsh-generated/resources/Specimen-AliquotBuffyCoat1.json	3138	1	0	0	0	0	0	0	0	68	0	0	0	0	0	0	0	0	0	0	2	8	29	0	0	0	0	0	0
fsh-generated/resources/Specimen-AliquotBuffyCoat2.json	5820	3	0	0	0	0	0	0	1	7	0	0	0	0	0	0	0	0	0	0	3	11	22	0	0	0	0	0	0
fsh-generated/resources/Specimen-AliquotgruppeBuffyCoat.json	4756	2	0	0	0	0	0	0	0	7	0	0	0	0	0	0	0	0	0	0	2	10	20	0	0	0	0	0	0
fsh-generated/resources/Specimen-AliquotgruppeDNA.json	3475	1	0	0	0	0	0	0	0	5	0	0	0	0	0	0	0	0	0	0	2	9	19	0	0	0	0	0	0
fsh-generated/resources/Specimen-AliquotgruppePlasma.json	4593	2	0	0	0	0	0	0	1	5	0	0	0	0	0	0	0	0	0	0	2	9	19	0	0	0	0	0	0
fsh-generated/resources/Specimen-MusterprobeFluessig.json	4357	2	0	0	0	0	0	0	0	5	0	0	0	0	0	0	0	0	0	0	2	10	25	0	0	0	0	0	0
fsh-generated/resources/Specimen-MusterprobeGewebe.json	5906	1	0	0	0	0	0	0	1	67	0	0	0	0	0	0	0	0	0	0	3	11	29	0	0	0	0	0	0
fsh-generated/resources/Specimen-OrganoidLunge.json	3609	2	0	0	0	0	0	0	0	8	0	0	0	0	0	0	0	0	0	0	2	8	94	0	0	0	0	0	0
fsh-generated/resources/StructureDefinition-Biobank.json	35648	7	0	53	0	0	0	0	0	561	0	0	0	0	0	0	0	1	0	0	4	263	1144	0	0	0	9	0	1
fsh-generated/resources/StructureDefinition-mii-ex-biobank-anzahl-aliquots.json	3351	2	0	9	0	0	0	0	0	9	0	0	0	0	0	0	0	0	0	0	0	29	174	0	0	0	2	0	0
fsh-generated/resources/StructureDefinition-mii-ex-biobank-anzahl-passagen.json	3267	1	0	7	0	0	0	0	0	6	0	0	0	0	0	0	0	0	0	0	1	26	158	0	0	0	1	0	0
fsh-generated/resources/StructureDefinition-mii-ex-biobank-diagnose.json	3441	2	0	8	0	0	0	0	0	6	0	0	0	0	0	0	0	0	0	0	0	25	146	0	0	0	1	0	0
fsh-generated/resources/StructureDefinition-mii-ex-biobank-ebene.json	3453	1	0	7	0	0	0	0	0	10	0	0	1	0	0	0	0	0	0	0	0	26	145	0	0	0	2	0	0
fsh-generated/resources/StructureDefinition-mii-ex-biobank-einstellung-blutversorgung.json	3497	2	0	7	0	0	0	0	0	51	0	0	0	0	0	0	0	0	0	0	0	26	206	0	0	0	1	0	0
fsh-generated/resources/StructureDefinition-mii-ex-biobank-feature-r5.json	2822	1	0	14	0	0	0	0	0	19	0	0	0	0	0	0	0	0	0	0	0	107	205	0	0	0	2	0	0
fsh-generated/resources/StructureDefinition-mii-ex-biobank-kontaktrolle.json	3489	1	0	7	0	0	0	0	1	6	0	0	0	0	0	0	0	0	0	0	1	25	132	0	0	0	1	0	0
fsh-generated/resources/StructureDefinition-mii-ex-biobank-kulturprotokoll.json	3340	2	0	8	0	0	0	0	0	7	0	0	0	0	0	0	0	1	0	0	0	25	113	0	0	0	1	0	0
fsh-generated/resources/StructureDefinition-mii-ex-biobank-modifikationen.json	5942	2	0	23	0	0	0	0	0	20	0	0	0	0	0	0	0	0	0	0	0	78	244	0	0	0	3	0	0
fsh-generated/resources/StructureDefinition-mii-ex-biobank-temperaturbedingungen.json	4247	1	0	12	0	0	0	0	0	10	0	0	0	0	0	0	0	0	0	0	0	122	142	0	0	0	1	0	0
fsh-generated/resources/StructureDefinition-mii-ex-biobank-verwaltende-organisation.json	3912	2	0	9	0	0	0	0	0	7	0	0	1	0	0	0	0	0	0	0	1	26	118	0	0	0	1	0	1
fsh-generated/resources/StructureDefinition-mii-pr-biobank-observation-dna-konzentration.json	5605	2	0	64	0	0	0	0	0	28	0	0	0	0	0	0	0	1	0	0	0	214	953	0	0	0	10	0	0
fsh-generated/resources/StructureDefinition-mii-pr-biobank-observation-karyotyp.json	5899	3	0	60	1	0	0	0	0	28	0	0	0	0	0	0	0	0	0	0	0	310	701	0	0	0	7	0	0
fsh-generated/resources/StructureDefinition-mii-pr-biobank-observation-morphologie.json	5574	2	0	55	0	0	0	0	0	27	0	0	0	0	0	0	0	1	0	0	0	239	621	0	0	0	7	0	1
fsh-generated/resources/StructureDefinition-mii-pr-biobank-observation-proliferation.json	5773	2	0	54	0	0	0	0	0	25	0	0	1	0	0	0	0	1	0	0	1	229	651	0	0	0	7	0	0
fsh-generated/resources/StructureDefinition-mii-pr-biobank-observation-qualitaetspruefung.json	9701	4	0	143	0	0	0	0	0	68	0	0	0	0	0	0	0	1	0	0	0	251	913	0	0	0	11	0	1
fsh-generated/resources/StructureDefinition-mii-pr-biobank-observation-wachstumstyp.json	5584	2	0	53	0	0	0	0	0	24	0	0	0	0	0	0	0	0	0	0	0	143	619	0	0	0	7	0	1
fsh-generated/resources/StructureDefinition-mii-pr-biobank-organization.json	17936	5	0	49	0	0	0	0	0	37	0	0	1	0	0	0	0	1	0	0	1	208	514	0	0	0	7	0	0
fsh-generated/resources/StructureDefinition-mii-pr-biobank-specimen-core.json	60309	11	0	157	0	0	0	0	0	184	0	0	0	0	0	0	0	2	0	0	0	478	1269	0	1	0	19	1	2
fsh-generated/resources/StructureDefinition-mii-pr-biobank-specimen.json	10109	3	0	142	0	0	0	0	0	45	0	0	0	0	0	0	0	1	0	0	0	281	1134	0	0	0	12	0	1
fsh-generated/resources/StructureDefinition-mii-pr-biobank-substance-additiv.json	4135	2	0	30	0	0	0	0	0	12	0	0	1	0	0	0	0	1	0	0	1	69	268	0	0	0	3	0	0
fsh-generated/resources/StructureDefinition-mii-pr-biobank-zellinie-organoid.json	4558	1	0	133	0	0	0	0	0	37	0	0	0	0	0	0	0	1	0	0	0	245	945	0	0	0	11	0	1
fsh-generated/resources/Substance-Heparin.json	367	1	0	0	0	0	0	0	1	1	0	0	0	0	0	0	0	0	0	0	2	6	8	0	0	0	0	0	0
fsh-generated/resources/ValueSet-mii-vs-biobank-body-structures-sct.json	1762	1	0	0	0	0	0	0	0	83	0	0	0	0	0	0	0	0	0	0	2	6	140	0	0	0	0	0	0
fsh-generated/resources/ValueSet-mii-vs-biobank-cellline-modification-clo.json	1894	1	0	0	0	0	0	0	0	188	0	0	0	0	0	0	0	0	0	0	2	8	119	0	0	0	1	0	0
fsh-generated/resources/ValueSet-mii-vs-biobank-cellline-morphology-sct.json	1776	1	0	0	0	0	0	0	0	31	0	0	0	0	0	0	0	0	0	0	2	7	46	0	0	0	0	0	0
fsh-generated/resources/ValueSet-mii-vs-biobank-cellline-proliferation.json	2242	1	0	0	0	0	0	0	0	2898	0	0	0	0	0	0	0	0	0	0	2	8	57	0	0	0	1	0	0
fsh-generated/resources/ValueSet-mii-vs-biobank-containertyp-sct.json	1732	1	0	0	0	0	0	0	1	31	0	0	0	0	0	0	0	0	0	0	2	6	99	0	0	0	0	0	0
fsh-generated/resources/ValueSet-mii-vs-biobank-dna-concentration-units-ucum.json	1923	1	0	0	0	0	0	0	0	231	0	0	0	0	0	0	0	0	0	0	3	7	54	0	0	0	0	0	0
fsh-generated/resources/ValueSet-mii-vs-biobank-karyotyp-sct.json	2034	1	0	0	0	0	0	0	0	58	0	0	0	0	0	0	0	0	0	0	2	63	44	0	0	0	1	0	0
fsh-generated/resources/ValueSet-mii-vs-biobank-laboratory-procedure-sct.json	1790	1	0	0	0	0	0	0	0	31	0	0	0	0	0	0	0	0	0	0	1	10	97	0	0	0	0	0	0
fsh-generated/resources/ValueSet-mii-vs-biobank-probenart-sct.json	1717	1	0	0	0	0	0	0	0	30	0	0	0	0	0	0	0	0	0	0	2	10	96	0	0	0	0	0	0
fsh-generated/resources/ValueSet-mii-vs-biobank-probenebene.json	1361	1	0	0	0	0	0	0	0	2	0	0	0	0	0	0	0	0	0	0	2	65	41	0	0	0	1	0	0
fsh-generated/resources/ValueSet-mii-vs-biobank-substance-additive-sct.json	1756	1	0	0	0	0	0	0	1	30	0	0	0	0	0	0	0	0	0	0	2	12	93	0	0	0	0	0	0
fsh-generated/resources/ValueSet-mii-vs-biobank-wachstumstyp-clo.json	1867	1	0	0	0	0	0	0	0	62	0	0	0	0	0	0	0	0	0	0	2	11	58	0	0	0	0	0	0
input/resources/Parameters-expansion-manifest.json	512	1	0	0	0	0	0	0	1	0	0	0	0	0	0	0	0	1	0	0	2	49	1207	0	0	1	0	0	0
/input/includes/menu.xml	5663	-	-	-	0	0	0	0	0	0	0	0	0	0	0	0	0	0	0	0	0	0	1	0	0	0	0	0	0
/fsh-generated/includes/fsh-link-references.md	5188	-	-	-	0	0	0	0	0	0	0	0	0	0	0	0	0	0	0	0	0	0	1	0	0	0	0	0	0
/input/intro-notes/StructureDefinition-mii-pr-biobank-organization-intro.md	1188	-	-	-	0	0	0	0	0	0	0	0	0	0	0	0	0	0	0	0	0	0	0	0	0	0	0	0	0
/input/intro-notes/StructureDefinition-mii-pr-biobank-observation-wachstumstyp-intro.md	322	-	-	-	0	0	0	0	0	0	0	0	0	0	0	0	0	0	0	0	0	0	0	0	0	0	0	0	0
/input/intro-notes/StructureDefinition-mii-pr-biobank-observation-dna-konzentration-intro.md	314	-	-	-	0	0	0	0	0	0	0	0	0	0	0	0	0	0	0	0	0	0	0	0	0	0	0	0	0
/input/intro-notes/StructureDefinition-mii-pr-biobank-observation-proliferation-intro.md	330	-	-	-	0	0	0	0	0	0	0	0	0	0	0	0	0	0	0	0	0	0	0	0	0	0	0	0	0
/input/intro-notes/StructureDefinition-mii-pr-biobank-observation-karyotyp-intro.md	308	-	-	-	0	0	0	0	0	0	0	0	0	0	0	0	0	0	0	0	0	0	1	0	0	0	0	0	0
/input/intro-notes/StructureDefinition-mii-pr-biobank-observation-qualitaetspruefung-intro.md	524	-	-	-	0	0	0	0	0	0	0	0	0	0	0	0	0	0	0	0	0	0	0	0	0	0	0	0	0
/input/intro-notes/StructureDefinition-mii-pr-biobank-substance-additiv-intro.md	241	-	-	-	0	0	0	0	0	0	0	0	0	0	0	0	0	0	0	0	0	0	0	0	0	0	0	0	0
/input/intro-notes/StructureDefinition-mii-pr-biobank-observation-morphologie-intro.md	318	-	-	-	0	0	0	0	0	0	0	0	0	0	0	0	0	0	0	0	0	0	0	0	0	0	0	0	0
/input/pagecontent/logical-models.md	9885	-	-	-	0	0	0	0	0	0	0	0	0	0	0	0	0	0	0	0	0	0	1	0	0	0	0	0	0
/input/pagecontent/examples.md	1952	-	-	-	0	0	0	0	0	0	0	0	0	0	0	0	0	0	0	0	0	0	0	0	0	0	0	0	0
/input/pagecontent/ImplementationGuide-mii-ig-biobank-de-v2026.md	3504	-	-	-	0	0	0	0	0	0	0	0	0	0	0	0	0	0	0	0	0	0	1	0	0	0	0	0	0
/input/pagecontent/glossary.md	2173	-	-	-	0	0	0	0	0	0	0	0	0	0	0	0	0	0	0	0	0	0	0	0	0	0	0	0	0
/input/pagecontent/changes.md	1302	-	-	-	0	0	0	0	0	0	0	0	0	0	0	0	0	0	0	0	0	0	0	0	0	0	0	0	0
/input/pagecontent/guidance.md	1840	-	-	-	0	0	0	0	0	0	0	0	0	0	0	0	0	0	0	0	0	0	1	0	0	0	0	0	0
/input/pagecontent/code-systems.md	8071	-	-	-	0	0	0	0	0	0	0	0	0	0	0	0	0	0	0	0	0	0	0	0	0	0	0	0	0
/input/pagecontent/researcher-guidance.md	522	-	-	-	0	0	0	0	0	0	0	0	0	0	0	0	0	0	0	0	0	0	0	0	0	0	0	0	0
/input/pagecontent/profiles.md	5987	-	-	-	0	0	0	0	0	0	0	0	0	0	0	0	0	0	0	0	0	0	1	0	0	0	0	0	0
/input/pagecontent/index.md	5474	-	-	-	0	0	0	0	0	0	0	0	0	0	0	0	0	0	0	0	0	0	0	0	0	0	0	0	0
/input/pagecontent/value-sets.md	814	-	-	-	0	0	0	0	0	0	0	0	0	0	0	0	0	0	0	0	0	0	0	0	0	0	0	0	0
/input/pagecontent/translationinfo.md	984	-	-	-	0	0	0	0	0	0	0	0	0	0	0	0	0	0	0	0	0	0	0	0	0	0	0	0	0
/input/pagecontent/extensions.md	3586	-	-	-	0	0	0	0	0	0	0	0	0	0	0	0	0	0	0	0	0	0	1	0	0	0	0	0	0
/input/pagecontent/downloads.md	3284	-	-	-	0	0	0	0	0	0	0	0	0	0	0	0	0	0	0	0	0	0	0	0	0	0	0	0	0
/input/pagecontent/security-and-privacy.md	4331	-	-	-	0	0	0	0	0	0	0	0	0	0	0	0	0	0	0	0	0	0	0	0	0	0	0	0	0
/input/pagecontent/metadata.md	20948	-	-	-	0	0	0	0	0	0	0	0	0	0	0	0	0	0	0	0	0	0	2	0	0	0	0	0	0
/input/pagecontent/implementer-guidance.md	4666	-	-	-	0	0	0	0	0	0	0	0	0	0	0	0	0	0	0	0	0	0	1	0	0	0	0	0	0
/input/pagecontent/version-history.md	4503	-	-	-	0	0	0	0	0	0	0	0	0	0	0	0	0	0	0	0	0	0	1	0	0	0	0	0	0
/input/pagecontent/uml-diagrams.md	867	-	-	-	0	0	0	0	0	0	0	0	0	0	0	0	0	0	0	0	0	0	0	0	0	0	0	0	0
/input/pagecontent/capability-statements.md	1209	-	-	-	0	0	0	0	0	0	0	0	0	0	0	0	0	0	0	0	0	0	0	0	0	0	0	0	0
/input/intro-notes	0	-	-	-	0	0	0	0	0	0	0	0	0	0	0	0	0	0	0	0	0	0	0	0	0	0	0	0	0
/input/intro-notes/StructureDefinition-mii-pr-biobank-organization-intro.md	1188	-	-	-	0	0	0	0	0	0	0	0	0	0	0	0	0	0	0	0	0	0	0	0	0	0	0	0	0
/input/intro-notes/StructureDefinition-mii-pr-biobank-observation-wachstumstyp-intro.md	322	-	-	-	0	0	0	0	0	0	0	0	0	0	0	0	0	0	0	0	0	0	1	0	0	0	0	0	0
/input/intro-notes/StructureDefinition-mii-pr-biobank-observation-dna-konzentration-intro.md	314	-	-	-	0	0	0	0	0	0	0	0	0	0	0	0	0	0	0	0	0	0	0	0	0	0	0	0	0
/input/intro-notes/StructureDefinition-mii-pr-biobank-observation-proliferation-intro.md	330	-	-	-	0	0	0	0	0	0	0	0	0	0	0	0	0	0	0	0	0	0	0	0	0	0	0	0	0
/input/intro-notes/StructureDefinition-mii-pr-biobank-observation-karyotyp-intro.md	308	-	-	-	0	0	0	0	0	0	0	0	0	0	0	0	0	0	0	0	0	0	0	0	0	0	0	0	0
/input/intro-notes/StructureDefinition-mii-pr-biobank-observation-qualitaetspruefung-intro.md	524	-	-	-	0	0	0	0	0	0	0	0	0	0	0	0	0	0	0	0	0	0	0	0	0	0	0	0	0
/input/intro-notes/StructureDefinition-mii-pr-biobank-substance-additiv-intro.md	241	-	-	-	0	0	0	0	0	0	0	0	0	0	0	0	0	0	0	0	0	0	0	0	0	0	0	0	0
/input/intro-notes/StructureDefinition-mii-pr-biobank-observation-morphologie-intro.md	318	-	-	-	0	0	0	0	0	0	0	0	0	0	0	0	0	0	0	0	0	0	0	0	0	0	0	0	0
/template/config	0	-	-	-	0	0	0	0	0	0	0	0	0	0	0	0	0	0	0	0	0	0	1	0	0	0	0	0	0
/template/config/_config.yml	140	-	-	-	0	0	0	0	0	0	0	0	0	0	0	0	0	0	0	0	0	0	0	0	0	0	0	0	0
/input/images	0	-	-	-	0	0	0	0	0	0	0	0	0	0	0	0	0	0	0	0	0	0	0	0	0	0	0	0	0
/input/images/Probenebenen.png	82143	-	-	-	0	0	0	0	0	0	0	0	0	0	0	0	0	0	0	0	0	0	0	0	0	0	0	0	0
/input/images/UML_28_05_2025.png	189718	-	-	-	0	0	0	0	0	0	0	0	0	0	0	0	0	0	0	0	0	0	0	0	0	0	0	0	0
/temp/pages/_includes/artifacts.xml	41211	-	-	-	-	-	-	-	-	-	-	-	-	-	-	-	-	-	-	-	-	-	2	0	0	0	0	0	0
