"Id","Path","Slice Name","Alias(s)","Label","Min","Max","Must Support?","Is Modifier?","Is Summary?","Type(s)","Short","Definition","Comments","Requirements","Default Value","Meaning When Missing","Fixed Value","Pattern","Example","Minimum Value","Maximum Value","Maximum Length","Binding Strength","Binding Description","Binding Value Set","Code","Slicing Discriminator","Slicing Description","Slicing Ordered","Slicing Rules","Base Path","Base Min","Base Max","Condition(s)","Constraint(s)","Mapping: HL7 v2 Mapping","Mapping: ServD","Mapping: FiveWs Pattern Mapping"
"Organization","Organization","","","",0,*,"","","","null {[]} {[]}
","A grouping of people or organizations with a common purpose","A formally or informally recognized grouping of people or organizations formed for the purpose of achieving some form of collective action.  Includes companies, institutions, corporations, departments, community groups, healthcare practice groups, payer/insurer, etc.","","","","","","","","","",,,,,"",,,,"Organization",0,*,"","dom-2:If the resource is contained in another resource, it SHALL NOT contain nested Resources {contained.contained.empty()}
dom-3:If the resource is contained in another resource, it SHALL be referred to from elsewhere in the resource or SHALL refer to the containing resource {contained.where((('#'+id in (%resource.descendants().reference | %resource.descendants().as(canonical) | %resource.descendants().as(uri) | %resource.descendants().as(url))) or descendants().where(reference = '#').exists() or descendants().where(as(canonical) = '#').exists() or descendants().where(as(canonical) = '#').exists()).not()).trace('unmatched', id).empty()}dom-4:If a resource is contained in another resource, it SHALL NOT have a meta.versionId or a meta.lastUpdated {contained.meta.versionId.empty() and contained.meta.lastUpdated.empty()}dom-5:If a resource is contained in another resource, it SHALL NOT have a security label {contained.meta.security.empty()}dom-6:A resource should have narrative for robust management {text.`div`.exists()}org-1:The organization SHALL at least have a name or an identifier, and possibly more than one {(identifier.count() + name.count()) > 0}","(also see master files messages)","Organization"
"Organization.id","Organization.id","","","",0,1,"Y","","Y","id {[]} {[]}
","Logical id of this artifact","The logical id of the resource, as used in the URL for the resource. Once assigned, this value never changes.","The only time that a resource does not have an id is when it is being submitted to the server using a create operation.","","","","","","","","",,,,,"",,,,"Resource.id",0,1,"",""
"Organization.meta","Organization.meta","","","",0,1,"Y","","Y","Meta {[]} {[]}
","Metadata about the resource","The metadata about the resource. This is content that is maintained by the infrastructure. Changes to the content might not always be associated with version changes to the resource.","","","","","","","","","",,,,,"",,,,"Resource.meta",0,1,"","ele-1:All FHIR elements must have a @value or children {hasValue() or (children().count() > id.count())}
"
"Organization.meta.id","Organization.meta.id","","","",0,1,"","","","string {[]} {[]}
","Unique id for inter-element referencing","Unique id for the element within a resource (for internal references). This may be any string value that does not contain spaces.","","","","","","","","","",,,,,"",,,,"Element.id",0,1,"",""
"Organization.meta.extension","Organization.meta.extension","","extensions
user content","",0,*,"","","","Extension {[]} {[]}
","Additional content defined by implementations","May be used to represent additional information that is not part of the basic definition of the element. To make the use of extensions safe and manageable, there is a strict set of governance  applied to the definition and use of extensions. Though any implementer can define an extension, there is a set of requirements that SHALL be met as part of the definition of the extension.","There can be no stigma associated with the use of extensions by any application, project, or standard - regardless of the institution or jurisdiction that uses or defines the extensions.  The use of extensions is what allows the FHIR specification to retain a core level of simplicity for everyone.","","","","","","","","",,,,,"","value:url}
","Extensions are always sliced by (at least) url",,"open","Element.extension",0,*,"","ele-1:All FHIR elements must have a @value or children {hasValue() or (children().count() > id.count())}
ext-1:Must have either extensions or value[x], not both {extension.exists() != value.exists()}"
"Organization.meta.versionId","Organization.meta.versionId","","","",0,1,"","","Y","id {[]} {[]}
","Version specific identifier","The version specific identifier, as it appears in the version portion of the URL. This value changes when the resource is created, updated, or deleted.","The server assigns this value, and ignores what the client specifies, except in the case that the server is imposing version integrity on updates/deletes.","","","","","","","","",,,,,"",,,,"Meta.versionId",0,1,"","ele-1:All FHIR elements must have a @value or children {hasValue() or (children().count() > id.count())}
"
"Organization.meta.lastUpdated","Organization.meta.lastUpdated","","","",0,1,"","","Y","instant {[]} {[]}
","When the resource version last changed","When the resource last changed - e.g. when the version changed.","This value is always populated except when the resource is first being created. The server / resource manager sets this value; what a client provides is irrelevant. This is equivalent to the HTTP Last-Modified and SHOULD have the same value on a [read](http://hl7.org/fhir/R4/http.html#read) interaction.","","","","","","","","",,,,,"",,,,"Meta.lastUpdated",0,1,"","ele-1:All FHIR elements must have a @value or children {hasValue() or (children().count() > id.count())}
"
"Organization.meta.source","Organization.meta.source","","","",0,1,"Y","","Y","uri {[]} {[]}
","Identifies where the resource comes from","A uri that identifies the source system of the resource. This provides a minimal amount of [Provenance](http://hl7.org/fhir/R4/provenance.html#) information that can be used to track or differentiate the source of information in the resource. The source may identify another FHIR server, document, message, database, etc.","In the provenance resource, this corresponds to Provenance.entity.what[x]. The exact use of the source (and the implied Provenance.entity.role) is left to implementer discretion. Only one nominated source is allowed; for additional provenance details, a full Provenance resource should be used. 

This element can be used to indicate where the current master source of a resource that has a canonical URL if the resource is no longer hosted at the canonical URL.","","","","","","","","",,,,,"",,,,"Meta.source",0,1,"","ele-1:All FHIR elements must have a @value or children {hasValue() or (children().count() > id.count())}
"
"Organization.meta.profile","Organization.meta.profile","","","",0,*,"Y","","Y","canonical {[]} {[CanonicalType[http://hl7.org/fhir/StructureDefinition/StructureDefinition|4.0.1]]}
","Profiles this resource claims to conform to","A list of profiles (references to [StructureDefinition](http://hl7.org/fhir/R4/structuredefinition.html#) resources) that this resource claims to conform to. The URL is a reference to [StructureDefinition.url](http://hl7.org/fhir/R4/structuredefinition-definitions.html#StructureDefinition.url).","It is up to the server and/or other infrastructure of policy to determine whether/how these claims are verified and/or updated over time.  The list of profile URLs is a set.","","","","","","","","",,,,,"",,,,"Meta.profile",0,*,"","ele-1:All FHIR elements must have a @value or children {hasValue() or (children().count() > id.count())}
"
"Organization.meta.security","Organization.meta.security","","","",0,*,"","","Y","Coding {[]} {[]}
","Security Labels applied to this resource","Security labels applied to this resource. These tags connect specific resources to the overall security policy and infrastructure.","The security labels can be updated without changing the stated version of the resource. The list of security labels is a set. Uniqueness is based the system/code, and version and display are ignored.","","","","","","","","",,"extensible","Security Labels from the Healthcare Privacy and Security Classification System.","http://hl7.org/fhir/ValueSet/security-labels|4.0.1","",,,,"Meta.security",0,*,"","ele-1:All FHIR elements must have a @value or children {hasValue() or (children().count() > id.count())}
"
"Organization.meta.tag","Organization.meta.tag","","","",0,*,"","","Y","Coding {[]} {[]}
","Tags applied to this resource","Tags applied to this resource. Tags are intended to be used to identify and relate resources to process and workflow, and applications are not required to consider the tags when interpreting the meaning of a resource.","The tags can be updated without changing the stated version of the resource. The list of tags is a set. Uniqueness is based the system/code, and version and display are ignored.","","","","","","","","",,"example","Codes that represent various types of tags, commonly workflow-related; e.g. ""Needs review by Dr. Jones"".","http://hl7.org/fhir/ValueSet/common-tags|4.0.1","",,,,"Meta.tag",0,*,"","ele-1:All FHIR elements must have a @value or children {hasValue() or (children().count() > id.count())}
"
"Organization.implicitRules","Organization.implicitRules","","","",0,1,"","Y","Y","uri {[]} {[]}
","A set of rules under which this content was created","A reference to a set of rules that were followed when the resource was constructed, and which must be understood when processing the content. Often, this is a reference to an implementation guide that defines the special rules along with other profiles etc.","Asserting this rule set restricts the content to be only understood by a limited set of trading partners. This inherently limits the usefulness of the data in the long term. However, the existing health eco-system is highly fractured, and not yet ready to define, collect, and exchange data in a generally computable sense. Wherever possible, implementers and/or specification writers should avoid using this element. Often, when used, the URL is a reference to an implementation guide that defines these special rules as part of it's narrative along with other profiles, value sets, etc.","","","","","","","","",,,,,"",,,,"Resource.implicitRules",0,1,"","ele-1:All FHIR elements must have a @value or children {hasValue() or (children().count() > id.count())}
"
"Organization.language","Organization.language","","","",0,1,"","","","code {[]} {[]}
","Language of the resource content","The base language in which the resource is written.","Language is provided to support indexing and accessibility (typically, services such as text to speech use the language tag). The html language tag in the narrative applies  to the narrative. The language tag on the resource may be used to specify the language of other presentations generated from the data in the resource. Not all the content has to be in the base language. The Resource.language should not be assumed to apply to the narrative automatically. If a language is specified, it should it also be specified on the div element in the html (see rules in HTML5 for information about the relationship between xml:lang and the html lang attribute).","","","","","","","","",,"preferred","A human language.","http://hl7.org/fhir/ValueSet/languages|4.0.1","",,,,"Resource.language",0,1,"","ele-1:All FHIR elements must have a @value or children {hasValue() or (children().count() > id.count())}
"
"Organization.text","Organization.text","","narrative
htmlxhtmldisplay","",0,1,"","","","Narrative {[]} {[]}
","Text summary of the resource, for human interpretation","A human-readable narrative that contains a summary of the resource and can be used to represent the content of the resource to a human. The narrative need not encode all the structured data, but is required to contain sufficient detail to make it ""clinically safe"" for a human to just read the narrative. Resource definitions may define what content should be represented in the narrative to ensure clinical safety.","Contained resources do not have narrative. Resources that are not contained SHOULD have a narrative. In some cases, a resource may only have text with little or no additional discrete data (as long as all minOccurs=1 elements are satisfied).  This may be necessary for data from legacy systems where information is captured as a ""text blob"" or where text is additionally entered raw or narrated and encoded information is added later.","","","","","","","","",,,,,"",,,,"DomainResource.text",0,1,"","ele-1:All FHIR elements must have a @value or children {hasValue() or (children().count() > id.count())}
"
"Organization.contained","Organization.contained","","inline resources
anonymous resourcescontained resources","",0,*,"","","","Resource {[]} {[]}
","Contained, inline Resources","These resources do not have an independent existence apart from the resource that contains them - they cannot be identified independently, and nor can they have their own independent transaction scope.","This should never be done when the content can be identified properly, as once identification is lost, it is extremely difficult (and context dependent) to restore it again. Contained resources may have profiles and tags In their meta elements, but SHALL NOT have security labels.","","","","","","","","",,,,,"",,,,"DomainResource.contained",0,*,"",""
"Organization.extension","Organization.extension","","","",0,*,"","","","Extension {[]} {[]}
","Extension","An Extension","","","","","","","","","",,,,,"","value:url}
","",,"open","DomainResource.extension",0,*,"","ele-1:All FHIR elements must have a @value or children {hasValue() or (children().count() > id.count())}
ext-1:Must have either extensions or value[x], not both {extension.exists() != value.exists()}"
"Organization.extension:beschreibung","Organization.extension","beschreibung","","",0,1,"Y","","","Extension {[CanonicalType[https://fhir.bbmri-eric.eu/fhir/StructureDefinition/miabis-organization-description-extension]]} {[]}
","","Description of the collection in English.","","","","","","","","","",,,,,"",,,,"DomainResource.extension",0,*,"ele-1
","ele-1:All FHIR elements must have a @value or children {hasValue() or (children().count() > id.count())}
ext-1:Must have either extensions or value[x], not both {extension.exists() != value.exists()}"
"Organization.extension:collectionSetting","Organization.extension","collectionSetting","","",0,1,"Y","","","Extension {[CanonicalType[https://fhir.bbmri-eric.eu/fhir/StructureDefinition/miabis-sample-collection-setting-extension]]} {[]}
","Sample Collection Setting Extension","The context in which the sample collection was/is conducted.","","","","","","","","","",,,,,"",,,,"DomainResource.extension",0,*,"ele-1
","ele-1:All FHIR elements must have a @value or children {hasValue() or (children().count() > id.count())}
ext-1:Must have either extensions or value[x], not both {extension.exists() != value.exists()}"
"Organization.extension:collectionDesign","Organization.extension","collectionDesign","","",0,1,"Y","","","Extension {[CanonicalType[https://fhir.bbmri-eric.eu/fhir/StructureDefinition/miabis-collection-design-extension]]} {[]}
","Collection Design Extension","The overall design of the collection that explains how the collection was/is built up.","","","","","","","","","",,,,,"",,,,"DomainResource.extension",0,*,"ele-1
","ele-1:All FHIR elements must have a @value or children {hasValue() or (children().count() > id.count())}
ext-1:Must have either extensions or value[x], not both {extension.exists() != value.exists()}"
"Organization.modifierExtension","Organization.modifierExtension","","extensions
user content","",0,*,"","Y","","Extension {[]} {[]}
","Extensions that cannot be ignored","May be used to represent additional information that is not part of the basic definition of the resource and that modifies the understanding of the element that contains it and/or the understanding of the containing element's descendants. Usually modifier elements provide negation or qualification. To make the use of extensions safe and manageable, there is a strict set of governance applied to the definition and use of extensions. Though any implementer is allowed to define an extension, there is a set of requirements that SHALL be met as part of the definition of the extension. Applications processing a resource are required to check for modifier extensions.

Modifier extensions SHALL NOT change the meaning of any elements on Resource or DomainResource (including cannot change the meaning of modifierExtension itself).","There can be no stigma associated with the use of extensions by any application, project, or standard - regardless of the institution or jurisdiction that uses or defines the extensions.  The use of extensions is what allows the FHIR specification to retain a core level of simplicity for everyone.","Modifier extensions allow for extensions that *cannot* be safely ignored to be clearly distinguished from the vast majority of extensions which can be safely ignored.  This promotes interoperability by eliminating the need for implementers to prohibit the presence of extensions. For further information, see the [definition of modifier extensions](http://hl7.org/fhir/R4/extensibility.html#modifierExtension).","","","","","","","",,,,,"",,,,"DomainResource.modifierExtension",0,*,"","ele-1:All FHIR elements must have a @value or children {hasValue() or (children().count() > id.count())}
ext-1:Must have either extensions or value[x], not both {extension.exists() != value.exists()}"
"Organization.identifier","Organization.identifier","","","",0,*,"Y","","Y","Identifier {[]} {[]}
","Identifies this organization  across multiple systems","Identifier for the organization that is used to identify the organization across multiple disparate systems.","","Organizations are known by a variety of ids. Some institutions maintain several, and most collect identifiers for exchange with other organizations concerning the organization.","","","","","","","",,,,,"","value:$this.system}
","",,"open","Organization.identifier",0,*,"org-1
","ele-1:All FHIR elements must have a @value or children {hasValue() or (children().count() > id.count())}
","XON.10 / XON.3","./Identifiers","FiveWs.identifier"
"Organization.identifier:bbmri-eric-id","Organization.identifier","bbmri-eric-id","","",0,1,"Y","","Y","Identifier {[]} {[]}
","","Identifier for the organization that is used to identify the organization across multiple disparate systems.","","Organizations are known by a variety of ids. Some institutions maintain several, and most collect identifiers for exchange with other organizations concerning the organization.","","","","","","","",,,,,"",,,,"Organization.identifier",0,*,"org-1
","ele-1:All FHIR elements must have a @value or children {hasValue() or (children().count() > id.count())}
","XON.10 / XON.3","./Identifiers","FiveWs.identifier"
"Organization.identifier:bbmri-eric-id.id","Organization.identifier.id","","","",0,1,"","","","string {[]} {[]}
","Unique id for inter-element referencing","Unique id for the element within a resource (for internal references). This may be any string value that does not contain spaces.","","","","","","","","","",,,,,"",,,,"Element.id",0,1,"",""
"Organization.identifier:bbmri-eric-id.extension","Organization.identifier.extension","","extensions
user content","",0,*,"","","","Extension {[]} {[]}
","Additional content defined by implementations","May be used to represent additional information that is not part of the basic definition of the element. To make the use of extensions safe and manageable, there is a strict set of governance  applied to the definition and use of extensions. Though any implementer can define an extension, there is a set of requirements that SHALL be met as part of the definition of the extension.","There can be no stigma associated with the use of extensions by any application, project, or standard - regardless of the institution or jurisdiction that uses or defines the extensions.  The use of extensions is what allows the FHIR specification to retain a core level of simplicity for everyone.","","","","","","","","",,,,,"","value:url}
","Extensions are always sliced by (at least) url",,"open","Element.extension",0,*,"","ele-1:All FHIR elements must have a @value or children {hasValue() or (children().count() > id.count())}
ext-1:Must have either extensions or value[x], not both {extension.exists() != value.exists()}"
"Organization.identifier:bbmri-eric-id.use","Organization.identifier.use","","","",0,1,"","Y","Y","code {[]} {[]}
","usual | official | temp | secondary | old (If known)","The purpose of this identifier.","Applications can assume that an identifier is permanent unless it explicitly says that it is temporary.","Allows the appropriate identifier for a particular context of use to be selected from among a set of identifiers.","","","","","","","",,"required","Identifies the purpose for this identifier, if known .","http://hl7.org/fhir/ValueSet/identifier-use|4.0.1","",,,,"Identifier.use",0,1,"","ele-1:All FHIR elements must have a @value or children {hasValue() or (children().count() > id.count())}
","N/A"
"Organization.identifier:bbmri-eric-id.type","Organization.identifier.type","","","",0,1,"","","Y","CodeableConcept {[]} {[]}
","Description of identifier","A coded type for the identifier that can be used to determine which identifier to use for a specific purpose.","This element deals only with general categories of identifiers.  It SHOULD not be used for codes that correspond 1..1 with the Identifier.system. Some identifiers may fall into multiple categories due to common usage.   Where the system is known, a type is unnecessary because the type is always part of the system definition. However systems often need to handle identifiers where the system is not known. There is not a 1:1 relationship between type and system, since many different systems have the same type.","Allows users to make use of identifiers when the identifier system is not known.","","","","","","","",,"extensible","A coded type for an identifier that can be used to determine which identifier to use for a specific purpose.","http://hl7.org/fhir/ValueSet/identifier-type|4.0.1","",,,,"Identifier.type",0,1,"","ele-1:All FHIR elements must have a @value or children {hasValue() or (children().count() > id.count())}
","CX.5"
"Organization.identifier:bbmri-eric-id.system","Organization.identifier.system","","","",0,1,"","","Y","uri {[]} {[]}
","The namespace for the identifier value","Establishes the namespace for the value - that is, a URL that describes a set values that are unique.","Identifier.system is always case sensitive.","There are many sets  of identifiers.  To perform matching of two identifiers, we need to know what set we're dealing with. The system identifies a particular set of unique identifiers.","","","","<valueUri xmlns=""http://hl7.org/fhir"" value=""http://www.bbmri-eric.eu/""/>","<valueUri xmlns=""http://hl7.org/fhir"" value=""http://www.acme.com/identifiers/patient""/>","","",,,,,"",,,,"Identifier.system",0,1,"","ele-1:All FHIR elements must have a @value or children {hasValue() or (children().count() > id.count())}
","CX.4 / EI-2-4","./IdentifierType"
"Organization.identifier:bbmri-eric-id.value","Organization.identifier.value","","","",0,1,"","","Y","string {[]} {[]}
","The value that is unique","The portion of the identifier typically relevant to the user and which is unique within the context of the system.","If the value is a full URI, then the system SHALL be urn:ietf:rfc:3986.  The value's primary purpose is computational mapping.  As a result, it may be normalized for comparison purposes (e.g. removing non-significant whitespace, dashes, etc.)  A value formatted for human display can be conveyed using the [Rendered Value extension](http://hl7.org/fhir/R4/extension-rendered-value.html). Identifier.value is to be treated as case sensitive unless knowledge of the Identifier.system allows the processer to be confident that non-case-sensitive processing is safe.","","","","","","<valueString xmlns=""http://hl7.org/fhir"" value=""123456""/>","","",,,,,"",,,,"Identifier.value",0,1,"","ele-1:All FHIR elements must have a @value or children {hasValue() or (children().count() > id.count())}
","CX.1 / EI.1","./Value"
"Organization.identifier:bbmri-eric-id.period","Organization.identifier.period","","","",0,1,"","","Y","Period {[]} {[]}
","Time period when id is/was valid for use","Time period during which identifier is/was valid for use.","","","","","","","","","",,,,,"",,,,"Identifier.period",0,1,"","ele-1:All FHIR elements must have a @value or children {hasValue() or (children().count() > id.count())}
","CX.7 + CX.8","./StartDate and ./EndDate"
"Organization.identifier:bbmri-eric-id.assigner","Organization.identifier.assigner","","","",0,1,"","","Y","Reference {[]} {[CanonicalType[http://hl7.org/fhir/StructureDefinition/Organization|4.0.1]]}
","Organization that issued id (may be just text)","Organization that issued/manages the identifier.","The Identifier.assigner may omit the .reference element and only contain a .display element reflecting the name or other textual information about the assigning organization.","","","","","","","","",,,,,"",,,,"Identifier.assigner",0,1,"","ele-1:All FHIR elements must have a @value or children {hasValue() or (children().count() > id.count())}
","CX.4 / (CX.4,CX.9,CX.10)","./IdentifierIssuingAuthority"
"Organization.active","Organization.active","","","",0,1,"","Y","Y","boolean {[]} {[]}
","Whether the organization's record is still in active use","Whether the organization's record is still in active use.","This active flag is not intended to be used to mark an organization as temporarily closed or under construction. Instead the Location(s) within the Organization should have the suspended status. If further details of the reason for the suspension are required, then an extension on this element should be used.

This element is labeled as a modifier because it may be used to mark that the resource was created in error.","Need a flag to indicate a record is no longer to be used and should generally be hidden for the user in the UI.","","This resource is generally assumed to be active if no value is provided for the active element","","","","","",,,,,"",,,,"Organization.active",0,1,"","ele-1:All FHIR elements must have a @value or children {hasValue() or (children().count() > id.count())}
","No equivalent in HL7 v2","./Status (however this concept in ServD more covers why the organization is active or not, could be delisted, deregistered, not operational yet) this could alternatively be derived from ./StartDate and ./EndDate and given a context date.","FiveWs.status"
"Organization.type","Organization.type","","","",0,*,"","","Y","CodeableConcept {[]} {[]}
","Kind of organization","The kind(s) of organization that this is.","Organizations can be corporations, wards, sections, clinical teams, government departments, etc. Note that code is generally a classifier of the type of organization; in many applications, codes are used to identity a particular organization (say, ward) as opposed to another of the same type - these are identifiers, not codes

When considering if multiple types are appropriate, you should evaluate if child organizations would be a more appropriate use of the concept, as different types likely are in different sub-areas of the organization. This is most likely to be used where type values have orthogonal values, such as a religious, academic and medical center.

We expect that some jurisdictions will profile this optionality to be a single cardinality.","Need to be able to track the kind of organization that this is - different organization types have different uses.","","","","","","","",,"example","Used to categorize the organization.","http://hl7.org/fhir/ValueSet/organization-type|4.0.1","",,,,"Organization.type",0,*,"","ele-1:All FHIR elements must have a @value or children {hasValue() or (children().count() > id.count())}
","No equivalent in v2","n/a","FiveWs.class"
"Organization.name","Organization.name","","","",1,1,"Y","","Y","string {[]} {[]}
","","A name associated with the organization.","If the name of an organization changes, consider putting the old name in the alias column so that it can still be located through searches.","Need to use the name as the label of the organization.","","","","","","","",,,,,"",,,,"Organization.name",0,1,"org-1
","ele-1:All FHIR elements must have a @value or children {hasValue() or (children().count() > id.count())}
","XON.1",".PreferredName/Name"
"Organization.alias","Organization.alias","","","",0,*,"Y","","","string {[]} {[]}
","","A list of alternate names that the organization is known as, or was known as in the past.","There are no dates associated with the alias/historic names, as this is not intended to track when names were used, but to assist in searching so that older names can still result in identifying the organization.","Over time locations and organizations go through many changes and can be known by different names.

For searching knowing previous names that the organization was known by can be very useful.","","","","","","","",,,,,"",,,,"Organization.alias",0,*,"","ele-1:All FHIR elements must have a @value or children {hasValue() or (children().count() > id.count())}
"
"Organization.telecom","Organization.telecom","","","",0,*,"","","","ContactPoint {[]} {[]}
","A contact detail for the organization","A contact detail for the organization.","The use code 'home' is not to be used. Note that these contacts are not the contact details of people who are employed by or represent the organization, but official contacts for the organization itself.","Human contact for the organization.","","","","","","","",,,,,"",,,,"Organization.telecom",0,*,"org-3
","ele-1:All FHIR elements must have a @value or children {hasValue() or (children().count() > id.count())}
org-3:The telecom of an organization can never be of use 'home' {where(use = 'home').empty()}","ORC-22?","./ContactPoints"
"Organization.address","Organization.address","","","",0,*,"","","","Address {[]} {[]}
","An address for the organization","An address for the organization.","Organization may have multiple addresses with different uses or applicable periods. The use code 'home' is not to be used.","May need to keep track of the organization's addresses for contacting, billing or reporting requirements.","","","","","","","",,,,,"",,,,"Organization.address",0,*,"org-2
","ele-1:All FHIR elements must have a @value or children {hasValue() or (children().count() > id.count())}
org-2:An address of an organization can never be of use 'home' {where(use = 'home').empty()}","ORC-23?","./PrimaryAddress and ./OtherAddresses"
"Organization.partOf","Organization.partOf","","","",0,1,"Y","","Y","Reference {[]} {[CanonicalType[http://hl7.org/fhir/StructureDefinition/Organization|4.0.1]]}
","","The organization of which this organization forms a part.","","Need to be able to track the hierarchy of organizations within an organization.","","","","","","","",,,,,"",,,,"Organization.partOf",0,1,"","ele-1:All FHIR elements must have a @value or children {hasValue() or (children().count() > id.count())}
","No equivalent in HL7 v2","n/a"
"Organization.contact","Organization.contact","","","",1,*,"Y","","","BackboneElement {[]} {[]}
","Contact for the organization for a certain purpose","Contact for the organization for a certain purpose.","Where multiple contacts for the same purpose are provided there is a standard extension that can be used to determine which one is the preferred contact to use.","Need to keep track of assigned contact points within bigger organization.","","","","","","","",,,,,"","pattern:purpose}
","",,"open","Organization.contact",0,*,"","ele-1:All FHIR elements must have a @value or children {hasValue() or (children().count() > id.count())}
"
"Organization.contact.id","Organization.contact.id","","","",0,1,"","","","string {[]} {[]}
","Unique id for inter-element referencing","Unique id for the element within a resource (for internal references). This may be any string value that does not contain spaces.","","","","","","","","","",,,,,"",,,,"Element.id",0,1,"",""
"Organization.contact.extension","Organization.contact.extension","","extensions
user content","",0,*,"","","","Extension {[]} {[]}
","Additional content defined by implementations","May be used to represent additional information that is not part of the basic definition of the element. To make the use of extensions safe and manageable, there is a strict set of governance  applied to the definition and use of extensions. Though any implementer can define an extension, there is a set of requirements that SHALL be met as part of the definition of the extension.","There can be no stigma associated with the use of extensions by any application, project, or standard - regardless of the institution or jurisdiction that uses or defines the extensions.  The use of extensions is what allows the FHIR specification to retain a core level of simplicity for everyone.","","","","","","","","",,,,,"",,,,"Element.extension",0,*,"","ele-1:All FHIR elements must have a @value or children {hasValue() or (children().count() > id.count())}
ext-1:Must have either extensions or value[x], not both {extension.exists() != value.exists()}"
"Organization.contact.modifierExtension","Organization.contact.modifierExtension","","extensions
user contentmodifiers","",0,*,"","Y","Y","Extension {[]} {[]}
","Extensions that cannot be ignored even if unrecognized","May be used to represent additional information that is not part of the basic definition of the element and that modifies the understanding of the element in which it is contained and/or the understanding of the containing element's descendants. Usually modifier elements provide negation or qualification. To make the use of extensions safe and manageable, there is a strict set of governance applied to the definition and use of extensions. Though any implementer can define an extension, there is a set of requirements that SHALL be met as part of the definition of the extension. Applications processing a resource are required to check for modifier extensions.

Modifier extensions SHALL NOT change the meaning of any elements on Resource or DomainResource (including cannot change the meaning of modifierExtension itself).","There can be no stigma associated with the use of extensions by any application, project, or standard - regardless of the institution or jurisdiction that uses or defines the extensions.  The use of extensions is what allows the FHIR specification to retain a core level of simplicity for everyone.","Modifier extensions allow for extensions that *cannot* be safely ignored to be clearly distinguished from the vast majority of extensions which can be safely ignored.  This promotes interoperability by eliminating the need for implementers to prohibit the presence of extensions. For further information, see the [definition of modifier extensions](http://hl7.org/fhir/R4/extensibility.html#modifierExtension).","","","","","","","",,,,,"",,,,"BackboneElement.modifierExtension",0,*,"","ele-1:All FHIR elements must have a @value or children {hasValue() or (children().count() > id.count())}
ext-1:Must have either extensions or value[x], not both {extension.exists() != value.exists()}"
"Organization.contact.purpose","Organization.contact.purpose","","","",0,1,"","","","CodeableConcept {[]} {[]}
","The type of contact","Indicates a purpose for which the contact can be reached.","","Need to distinguish between multiple contact persons.","","","","","","","",,"extensible","The purpose for which you would contact a contact party.","http://hl7.org/fhir/ValueSet/contactentity-type|4.0.1","",,,,"Organization.contact.purpose",0,1,"","ele-1:All FHIR elements must have a @value or children {hasValue() or (children().count() > id.count())}
"
"Organization.contact.name","Organization.contact.name","","","",0,1,"","","","HumanName {[]} {[]}
","A name associated with the contact","A name associated with the contact.","","Need to be able to track the person by name.","","","","","","","",,,,,"",,,,"Organization.contact.name",0,1,"","ele-1:All FHIR elements must have a @value or children {hasValue() or (children().count() > id.count())}
","PID-5, PID-9"
"Organization.contact.telecom","Organization.contact.telecom","","","",0,*,"","","","ContactPoint {[]} {[]}
","Contact details (telephone, email, etc.)  for a contact","A contact detail (e.g. a telephone number or an email address) by which the party may be contacted.","","People have (primary) ways to contact them in some way such as phone, email.","","","","","","","",,,,,"",,,,"Organization.contact.telecom",0,*,"","ele-1:All FHIR elements must have a @value or children {hasValue() or (children().count() > id.count())}
","PID-13, PID-14"
"Organization.contact.address","Organization.contact.address","","","",0,1,"","","","Address {[]} {[]}
","Visiting or postal addresses for the contact","Visiting or postal addresses for the contact.","","May need to keep track of a contact party's address for contacting, billing or reporting requirements.","","","","","","","",,,,,"",,,,"Organization.contact.address",0,1,"","ele-1:All FHIR elements must have a @value or children {hasValue() or (children().count() > id.count())}
","PID-11"
"Organization.contact:forschungskontakt","Organization.contact","forschungskontakt","","",1,*,"Y","","","BackboneElement {[]} {[]}
","Contact for the organization for a certain purpose","Contact for the organization for a certain purpose.","Where multiple contacts for the same purpose are provided there is a standard extension that can be used to determine which one is the preferred contact to use.","Need to keep track of assigned contact points within bigger organization.","","","","","","","",,,,,"",,,,"Organization.contact",0,*,"","ele-1:All FHIR elements must have a @value or children {hasValue() or (children().count() > id.count())}
"
"Organization.contact:forschungskontakt.id","Organization.contact.id","","","",0,1,"","","","string {[]} {[]}
","Unique id for inter-element referencing","Unique id for the element within a resource (for internal references). This may be any string value that does not contain spaces.","","","","","","","","","",,,,,"",,,,"Element.id",0,1,"",""
"Organization.contact:forschungskontakt.extension","Organization.contact.extension","","","",1,*,"","","","Extension {[]} {[]}
","Extension","An Extension","","","","","","","","","",,,,,"","value:url}
","",,"open","Element.extension",0,*,"","ele-1:All FHIR elements must have a @value or children {hasValue() or (children().count() > id.count())}
ext-1:Must have either extensions or value[x], not both {extension.exists() != value.exists()}"
"Organization.contact:forschungskontakt.extension:rolle","Organization.contact.extension","rolle","","",1,1,"Y","","","Extension {[CanonicalType[https://www.medizininformatik-initiative.de/fhir/ext/modul-biobank/StructureDefinition/KontaktRolle]]} {[]}
","MII EX Biobank Rolle des Kontaktes","Mittels dieser Extension soll die Rolle der Kontaktperson in der probenverwaltenden Organisation angegeben werden, z.B. Principal Investigator, Direktor usw.","","","","","","","","","",,,,,"",,,,"Element.extension",0,*,"ele-1
","ele-1:All FHIR elements must have a @value or children {hasValue() or (children().count() > id.count())}
ext-1:Must have either extensions or value[x], not both {extension.exists() != value.exists()}"
"Organization.contact:forschungskontakt.modifierExtension","Organization.contact.modifierExtension","","extensions
user contentmodifiers","",0,*,"","Y","Y","Extension {[]} {[]}
","Extensions that cannot be ignored even if unrecognized","May be used to represent additional information that is not part of the basic definition of the element and that modifies the understanding of the element in which it is contained and/or the understanding of the containing element's descendants. Usually modifier elements provide negation or qualification. To make the use of extensions safe and manageable, there is a strict set of governance applied to the definition and use of extensions. Though any implementer can define an extension, there is a set of requirements that SHALL be met as part of the definition of the extension. Applications processing a resource are required to check for modifier extensions.

Modifier extensions SHALL NOT change the meaning of any elements on Resource or DomainResource (including cannot change the meaning of modifierExtension itself).","There can be no stigma associated with the use of extensions by any application, project, or standard - regardless of the institution or jurisdiction that uses or defines the extensions.  The use of extensions is what allows the FHIR specification to retain a core level of simplicity for everyone.","Modifier extensions allow for extensions that *cannot* be safely ignored to be clearly distinguished from the vast majority of extensions which can be safely ignored.  This promotes interoperability by eliminating the need for implementers to prohibit the presence of extensions. For further information, see the [definition of modifier extensions](http://hl7.org/fhir/R4/extensibility.html#modifierExtension).","","","","","","","",,,,,"",,,,"BackboneElement.modifierExtension",0,*,"","ele-1:All FHIR elements must have a @value or children {hasValue() or (children().count() > id.count())}
ext-1:Must have either extensions or value[x], not both {extension.exists() != value.exists()}"
"Organization.contact:forschungskontakt.purpose","Organization.contact.purpose","","","",1,1,"","","","CodeableConcept {[]} {[]}
","The type of contact","Indicates a purpose for which the contact can be reached.","","Need to distinguish between multiple contact persons.","","","","<valueCodeableConcept xmlns=""http://hl7.org/fhir"">
  <coding>
    <system value=""https://www.medizininformatik-initiative.de/fhir/ext/modul-biobank/CodeSystem/ContactType""/>
    <code value=""RESEARCH""/>
  </coding>
</valueCodeableConcept>","","","",,"extensible","The purpose for which you would contact a contact party.","http://hl7.org/fhir/ValueSet/contactentity-type|4.0.1","",,,,"Organization.contact.purpose",0,1,"","ele-1:All FHIR elements must have a @value or children {hasValue() or (children().count() > id.count())}
"
"Organization.contact:forschungskontakt.name","Organization.contact.name","","","",0,1,"","","","HumanName {[]} {[]}
","A name associated with the contact","A name associated with the contact.","","Need to be able to track the person by name.","","","","","","","",,,,,"",,,,"Organization.contact.name",0,1,"","ele-1:All FHIR elements must have a @value or children {hasValue() or (children().count() > id.count())}
","PID-5, PID-9"
"Organization.contact:forschungskontakt.name.id","Organization.contact.name.id","","","",0,1,"","","","string {[]} {[]}
","Unique id for inter-element referencing","Unique id for the element within a resource (for internal references). This may be any string value that does not contain spaces.","","","","","","","","","",,,,,"",,,,"Element.id",0,1,"",""
"Organization.contact:forschungskontakt.name.extension","Organization.contact.name.extension","","extensions
user content","",0,*,"","","","Extension {[]} {[]}
","Additional content defined by implementations","May be used to represent additional information that is not part of the basic definition of the element. To make the use of extensions safe and manageable, there is a strict set of governance  applied to the definition and use of extensions. Though any implementer can define an extension, there is a set of requirements that SHALL be met as part of the definition of the extension.","There can be no stigma associated with the use of extensions by any application, project, or standard - regardless of the institution or jurisdiction that uses or defines the extensions.  The use of extensions is what allows the FHIR specification to retain a core level of simplicity for everyone.","","","","","","","","",,,,,"","value:url}
","Extensions are always sliced by (at least) url",,"open","Element.extension",0,*,"","ele-1:All FHIR elements must have a @value or children {hasValue() or (children().count() > id.count())}
ext-1:Must have either extensions or value[x], not both {extension.exists() != value.exists()}"
"Organization.contact:forschungskontakt.name.use","Organization.contact.name.use","","","",0,1,"","Y","Y","code {[]} {[]}
","usual | official | temp | nickname | anonymous | old | maiden","Identifies the purpose for this name.","Applications can assume that a name is current unless it explicitly says that it is temporary or old.","Allows the appropriate name for a particular context of use to be selected from among a set of names.","","","","","","","",,"required","The use of a human name.","http://hl7.org/fhir/ValueSet/name-use|4.0.1","",,,,"HumanName.use",0,1,"","ele-1:All FHIR elements must have a @value or children {hasValue() or (children().count() > id.count())}
","XPN.7, but often indicated by which field contains the name","./NamePurpose"
"Organization.contact:forschungskontakt.name.text","Organization.contact.name.text","","","",0,1,"","","Y","string {[]} {[]}
","Text representation of the full name","Specifies the entire name as it should be displayed e.g. on an application UI. This may be provided instead of or as well as the specific parts.","Can provide both a text representation and parts. Applications updating a name SHALL ensure that when both text and parts are present,  no content is included in the text that isn't found in a part.","A renderable, unencoded form.","","","","","","","",,,,,"",,,,"HumanName.text",0,1,"","ele-1:All FHIR elements must have a @value or children {hasValue() or (children().count() > id.count())}
","implied by XPN.11"
"Organization.contact:forschungskontakt.name.family","Organization.contact.name.family","","surname
","",1,1,"Y","","Y","string {[]} {[]}
","Family name (often called 'Surname')","The part of a name that links to the genealogy. In some cultures (e.g. Eritrea) the family name of a son is the first name of his father.","Family Name may be decomposed into specific parts using extensions (de, nl, es related cultures).","","","","","","","","",,,,,"",,,,"HumanName.family",0,1,"","ele-1:All FHIR elements must have a @value or children {hasValue() or (children().count() > id.count())}
","XPN.1/FN.1","./FamilyName"
"Organization.contact:forschungskontakt.name.given","Organization.contact.name.given","","first name
middle name","",1,*,"Y","","Y","string {[]} {[]}
","Given names (not always 'first'). Includes middle names","Given name.","If only initials are recorded, they may be used in place of the full name parts. Initials may be separated into multiple given names but often aren't due to paractical limitations.  This element is not called ""first name"" since given names do not always come first.","","","","","","","","",,,,,"",,,,"HumanName.given",0,*,"","ele-1:All FHIR elements must have a @value or children {hasValue() or (children().count() > id.count())}
","XPN.2 + XPN.3","./GivenNames"
"Organization.contact:forschungskontakt.name.prefix","Organization.contact.name.prefix","","","",0,*,"","","Y","string {[]} {[]}
","Parts that come before the name","Part of the name that is acquired as a title due to academic, legal, employment or nobility status, etc. and that appears at the start of the name.","","","","","","","","","",,,,,"",,,,"HumanName.prefix",0,*,"","ele-1:All FHIR elements must have a @value or children {hasValue() or (children().count() > id.count())}
","XPN.5","./TitleCode"
"Organization.contact:forschungskontakt.name.suffix","Organization.contact.name.suffix","","","",0,*,"","","Y","string {[]} {[]}
","Parts that come after the name","Part of the name that is acquired as a title due to academic, legal, employment or nobility status, etc. and that appears at the end of the name.","","","","","","","","","",,,,,"",,,,"HumanName.suffix",0,*,"","ele-1:All FHIR elements must have a @value or children {hasValue() or (children().count() > id.count())}
","XPN/4"
"Organization.contact:forschungskontakt.name.period","Organization.contact.name.period","","","",0,1,"","","Y","Period {[]} {[]}
","Time period when name was/is in use","Indicates the period of time when this name was valid for the named person.","","Allows names to be placed in historical context.","","","","","","","",,,,,"",,,,"HumanName.period",0,1,"","ele-1:All FHIR elements must have a @value or children {hasValue() or (children().count() > id.count())}
","XPN.13 + XPN.14","./StartDate and ./EndDate"
"Organization.contact:forschungskontakt.telecom","Organization.contact.telecom","","","",1,*,"","","","ContactPoint {[]} {[]}
","Contact details (telephone, email, etc.)  for a contact","A contact detail (e.g. a telephone number or an email address) by which the party may be contacted.","","People have (primary) ways to contact them in some way such as phone, email.","","","","","","","",,,,,"",,,,"Organization.contact.telecom",0,*,"","ele-1:All FHIR elements must have a @value or children {hasValue() or (children().count() > id.count())}
","PID-13, PID-14"
"Organization.contact:forschungskontakt.address","Organization.contact.address","","","",1,1,"Y","","","Address {[CanonicalType[http://fhir.de/StructureDefinition/address-de-basis]]} {[]}
","Visiting or postal addresses for the contact","Visiting or postal addresses for the contact.","","May need to keep track of a contact party's address for contacting, billing or reporting requirements.","","","","","","","",,,,,"",,,,"Organization.contact.address",0,1,"","ele-1:All FHIR elements must have a @value or children {hasValue() or (children().count() > id.count())}
","PID-11"
"Organization.endpoint","Organization.endpoint","","","",0,*,"","","","Reference {[]} {[CanonicalType[http://hl7.org/fhir/StructureDefinition/Endpoint|4.0.1]]}
","Technical endpoints providing access to services operated for the organization","Technical endpoints providing access to services operated for the organization.","","Organizations have multiple systems that provide various services and need to be able to define the technical connection details for how to connect to them, and for what purpose.","","","","","","","",,,,,"",,,,"Organization.endpoint",0,*,"","ele-1:All FHIR elements must have a @value or children {hasValue() or (children().count() > id.count())}
"
