"Id","Path","Slice Name","Alias(s)","Label","Min","Max","Must Support?","Is Modifier?","Is Summary?","Type(s)","Short","Definition","Comments","Requirements","Default Value","Meaning When Missing","Fixed Value","Pattern","Example","Minimum Value","Maximum Value","Maximum Length","Binding Strength","Binding Description","Binding Value Set","Code","Slicing Discriminator","Slicing Description","Slicing Ordered","Slicing Rules","Base Path","Base Min","Base Max","Condition(s)","Constraint(s)","Mapping: Biobank LogicalModel FHIR Mapping"
"Biobank","Biobank","","","",0,*,"","","","null {[]} {[]}
","MII_LM_Biobank","Logische Repräsentation des Erweiterungsmoduls Biobank","","","","","","","","","",,,,,"",,,,"Element",0,*,"ele-1
","ele-1:All FHIR elements must have a @value or children {hasValue() or (children().count() > id.count())}
"
"Biobank.id","Biobank.id","","","",0,1,"","","","string {[]} {[]}
","Unique id for inter-element referencing","Unique id for the element within a resource (for internal references). This may be any string value that does not contain spaces.","","","","","","","","","",,,,,"",,,,"Element.id",0,1,"",""
"Biobank.extension","Biobank.extension","","extensions
user content","",0,*,"","","","Extension {[]} {[]}
","Additional content defined by implementations","May be used to represent additional information that is not part of the basic definition of the element. To make the use of extensions safe and manageable, there is a strict set of governance  applied to the definition and use of extensions. Though any implementer can define an extension, there is a set of requirements that SHALL be met as part of the definition of the extension.","There can be no stigma associated with the use of extensions by any application, project, or standard - regardless of the institution or jurisdiction that uses or defines the extensions.  The use of extensions is what allows the FHIR specification to retain a core level of simplicity for everyone.","","","","","","","","",,,,,"","value:url}
","Extensions are always sliced by (at least) url",,"open","Element.extension",0,*,"","ele-1:All FHIR elements must have a @value or children {hasValue() or (children().count() > id.count())}
ext-1:Must have either extensions or value[x], not both {extension.exists() != value.exists()}"
"Biobank.Bioprobe","Biobank.Bioprobe","","","",0,*,"","","","BackboneElement {[]} {[]}
","Details zu einer Bioprobe","Details zu einer Bioprobe","","","","","","","","","",,,,,"",,,,"Biobank.Bioprobe",0,*,"","ele-1:All FHIR elements must have a @value or children {hasValue() or (children().count() > id.count())}
","Specimen"
"Biobank.Bioprobe.id","Biobank.Bioprobe.id","","","",0,1,"","","","string {[]} {[]}
","Unique id for inter-element referencing","Unique id for the element within a resource (for internal references). This may be any string value that does not contain spaces.","","","","","","","","","",,,,,"",,,,"Element.id",0,1,"",""
"Biobank.Bioprobe.extension","Biobank.Bioprobe.extension","","extensions
user content","",0,*,"","","","Extension {[]} {[]}
","Additional content defined by implementations","May be used to represent additional information that is not part of the basic definition of the element. To make the use of extensions safe and manageable, there is a strict set of governance  applied to the definition and use of extensions. Though any implementer can define an extension, there is a set of requirements that SHALL be met as part of the definition of the extension.","There can be no stigma associated with the use of extensions by any application, project, or standard - regardless of the institution or jurisdiction that uses or defines the extensions.  The use of extensions is what allows the FHIR specification to retain a core level of simplicity for everyone.","","","","","","","","",,,,,"","value:url}
","Extensions are always sliced by (at least) url",,"open","Element.extension",0,*,"","ele-1:All FHIR elements must have a @value or children {hasValue() or (children().count() > id.count())}
ext-1:Must have either extensions or value[x], not both {extension.exists() != value.exists()}"
"Biobank.Bioprobe.modifierExtension","Biobank.Bioprobe.modifierExtension","","extensions
user contentmodifiers","",0,*,"","Y","Y","Extension {[]} {[]}
","Extensions that cannot be ignored even if unrecognized","May be used to represent additional information that is not part of the basic definition of the element and that modifies the understanding of the element in which it is contained and/or the understanding of the containing element's descendants. Usually modifier elements provide negation or qualification. To make the use of extensions safe and manageable, there is a strict set of governance applied to the definition and use of extensions. Though any implementer can define an extension, there is a set of requirements that SHALL be met as part of the definition of the extension. Applications processing a resource are required to check for modifier extensions.

Modifier extensions SHALL NOT change the meaning of any elements on Resource or DomainResource (including cannot change the meaning of modifierExtension itself).","There can be no stigma associated with the use of extensions by any application, project, or standard - regardless of the institution or jurisdiction that uses or defines the extensions.  The use of extensions is what allows the FHIR specification to retain a core level of simplicity for everyone.","Modifier extensions allow for extensions that *cannot* be safely ignored to be clearly distinguished from the vast majority of extensions which can be safely ignored.  This promotes interoperability by eliminating the need for implementers to prohibit the presence of extensions. For further information, see the [definition of modifier extensions](http://hl7.org/fhir/R4/extensibility.html#modifierExtension).","","","","","","","",,,,,"",,,,"BackboneElement.modifierExtension",0,*,"","ele-1:All FHIR elements must have a @value or children {hasValue() or (children().count() > id.count())}
ext-1:Must have either extensions or value[x], not both {extension.exists() != value.exists()}"
"Biobank.Bioprobe.Proben-ID","Biobank.Bioprobe.Proben-ID","","","",0,1,"","","","Identifier {[]} {[]}
","Einrichtungsinterner Identifier der Probe","Einrichtungsinterner Identifier der Probe","","","","","","","","","",,,,,"",,,,"Biobank.Bioprobe.Proben-ID",0,1,"","","Specimen.identifier"
"Biobank.Bioprobe.Probenart","Biobank.Bioprobe.Probenart","","","",0,1,"","","","CodeableConcept {[]} {[]}
","Art der Probe; SCT verpflichtend; Beschränkung auf Specimen ValueSet erwünscht.","Art der Probe; SCT verpflichtend; Beschränkung auf Specimen ValueSet erwünscht.","","","","","","","","","",,,,,"",,,,"Biobank.Bioprobe.Probenart",0,1,"","","Specimen.type"
"Biobank.Bioprobe.Probenmenge","Biobank.Bioprobe.Probenmenge","","","",0,1,"","","","Quantity {[]} {[]}
","Probenmenge","Probenmenge","","","","","","","","","",,,,,"",,,,"Biobank.Bioprobe.Probenmenge",0,1,"","","Specimen.container.specimenQuantity"
"Biobank.Bioprobe.Verfuegbarkeitsstatus","Biobank.Bioprobe.Verfuegbarkeitsstatus","","","",0,1,"","","","code {[]} {[]}
","Status der Probe / des Materials hinsichtlich der Verfügbarkeit","Status der Probe / des Materials hinsichtlich der Verfügbarkeit","","","","","","","","","",,,,,"",,,,"Biobank.Bioprobe.Verfuegbarkeitsstatus",0,1,"","","Specimen.status"
"Biobank.Bioprobe.Projektverwendung","Biobank.Bioprobe.Projektverwendung","","","",0,1,"","","","string {[]} {[]}
","Freitextangabe zur Verwendung der Probe in Projekten","Freitextangabe zur Verwendung der Probe in Projekten","","","","","","","","","",,,,,"",,,,"Biobank.Bioprobe.Projektverwendung",0,1,"","","Specimen.note"
"Biobank.Bioprobe.SonstigeEigenschaften","Biobank.Bioprobe.SonstigeEigenschaften","","","",0,1,"","","","string {[]} {[]}
","Freitextangabe weiterer Probeneigenschaften","Freitextangabe weiterer Probeneigenschaften","","","","","","","","","",,,,,"",,,,"Biobank.Bioprobe.SonstigeEigenschaften",0,1,"","","Specimen.note"
"Biobank.Bioprobe.Entstanden-aus","Biobank.Bioprobe.Entstanden-aus","","","",0,1,"","","","Reference {[]} {[]}
","Referenz auf Bioprobe","Referenz auf Bioprobe","","","","","","","","","",,,,,"",,,,"Biobank.Bioprobe.Entstanden-aus",0,1,"","","Specimen.parent"
"Biobank.Bioprobe.FestgestellteDiagnose","Biobank.Bioprobe.FestgestellteDiagnose","","","",0,1,"","","","Reference {[]} {[]}
","Verweis auf eine Diagnose für die Material in der Probe enthalten ist","Verweis auf eine Diagnose für die Material in der Probe enthalten ist","","","","","","","","","",,,,,"",,,,"Biobank.Bioprobe.FestgestellteDiagnose",0,1,"","","Specimen.extension[diagnose]"
"Biobank.Bioprobe.gehoert-zu","Biobank.Bioprobe.gehoert-zu","","","",0,1,"","","","Reference {[]} {[]}
","Zuordnung der Probe zu einer Sammlung/Biobank","Zuordnung der Probe zu einer Sammlung/Biobank","","","","","","","","","",,,,,"",,,,"Biobank.Bioprobe.gehoert-zu",0,1,"","","Specimen.extension[gehoertZu]"
"Biobank.Bioprobe.Anzahl-Aliqouts","Biobank.Bioprobe.Anzahl-Aliqouts","","","",0,1,"","","","integer {[]} {[]}
","Anzahl der Aliqouts.","Anzahl der Aliqouts.","","","","","","","","","",,,,,"",,,,"Biobank.Bioprobe.Anzahl-Aliqouts",0,1,"","","Specimen.extension[anzahlAliquots]"
"Biobank.Bioprobe.Container","Biobank.Bioprobe.Container","","","",0,1,"","","","BackboneElement {[]} {[]}
","Probenbehältnis","Probenbehältnis","","","","","","","","","",,,,,"",,,,"Biobank.Bioprobe.Container",0,1,"","ele-1:All FHIR elements must have a @value or children {hasValue() or (children().count() > id.count())}
","Specimen.container"
"Biobank.Bioprobe.Container.id","Biobank.Bioprobe.Container.id","","","",0,1,"","","","string {[]} {[]}
","Unique id for inter-element referencing","Unique id for the element within a resource (for internal references). This may be any string value that does not contain spaces.","","","","","","","","","",,,,,"",,,,"Element.id",0,1,"",""
"Biobank.Bioprobe.Container.extension","Biobank.Bioprobe.Container.extension","","extensions
user content","",0,*,"","","","Extension {[]} {[]}
","Additional content defined by implementations","May be used to represent additional information that is not part of the basic definition of the element. To make the use of extensions safe and manageable, there is a strict set of governance  applied to the definition and use of extensions. Though any implementer can define an extension, there is a set of requirements that SHALL be met as part of the definition of the extension.","There can be no stigma associated with the use of extensions by any application, project, or standard - regardless of the institution or jurisdiction that uses or defines the extensions.  The use of extensions is what allows the FHIR specification to retain a core level of simplicity for everyone.","","","","","","","","",,,,,"","value:url}
","Extensions are always sliced by (at least) url",,"open","Element.extension",0,*,"","ele-1:All FHIR elements must have a @value or children {hasValue() or (children().count() > id.count())}
ext-1:Must have either extensions or value[x], not both {extension.exists() != value.exists()}"
"Biobank.Bioprobe.Container.modifierExtension","Biobank.Bioprobe.Container.modifierExtension","","extensions
user contentmodifiers","",0,*,"","Y","Y","Extension {[]} {[]}
","Extensions that cannot be ignored even if unrecognized","May be used to represent additional information that is not part of the basic definition of the element and that modifies the understanding of the element in which it is contained and/or the understanding of the containing element's descendants. Usually modifier elements provide negation or qualification. To make the use of extensions safe and manageable, there is a strict set of governance applied to the definition and use of extensions. Though any implementer can define an extension, there is a set of requirements that SHALL be met as part of the definition of the extension. Applications processing a resource are required to check for modifier extensions.

Modifier extensions SHALL NOT change the meaning of any elements on Resource or DomainResource (including cannot change the meaning of modifierExtension itself).","There can be no stigma associated with the use of extensions by any application, project, or standard - regardless of the institution or jurisdiction that uses or defines the extensions.  The use of extensions is what allows the FHIR specification to retain a core level of simplicity for everyone.","Modifier extensions allow for extensions that *cannot* be safely ignored to be clearly distinguished from the vast majority of extensions which can be safely ignored.  This promotes interoperability by eliminating the need for implementers to prohibit the presence of extensions. For further information, see the [definition of modifier extensions](http://hl7.org/fhir/R4/extensibility.html#modifierExtension).","","","","","","","",,,,,"",,,,"BackboneElement.modifierExtension",0,*,"","ele-1:All FHIR elements must have a @value or children {hasValue() or (children().count() > id.count())}
ext-1:Must have either extensions or value[x], not both {extension.exists() != value.exists()}"
"Biobank.Bioprobe.Container.Containertyp","Biobank.Bioprobe.Container.Containertyp","","","",0,1,"","","","CodeableConcept {[]} {[]}
","Typ des Containers","Typ des Containers","","","","","","","","","",,,,,"",,,,"Biobank.Bioprobe.Container.Containertyp",0,1,"","","Specimen.container.type"
"Biobank.Bioprobe.Container.Kapazitaet","Biobank.Bioprobe.Container.Kapazitaet","","","",0,1,"","","","Quantity {[]} {[]}
","Kapazität des Probencontainers","Kapazität des Probencontainers","","","","","","","","","",,,,,"",,,,"Biobank.Bioprobe.Container.Kapazitaet",0,1,"","","Specimen.container.capacity"
"Biobank.Bioprobe.Container.VerwendungAdditiv","Biobank.Bioprobe.Container.VerwendungAdditiv","","","",0,1,"","","","boolean {[]} {[]}
","Ja/Nein Angabe, ob ein Zusatzstoff verwendet wurde","Ja/Nein Angabe, ob ein Zusatzstoff verwendet wurde","","","","","","","","","",,,,,"",,,,"Biobank.Bioprobe.Container.VerwendungAdditiv",0,1,"","","Specimen.container.additive"
"Biobank.Bioprobe.Container.Additiv","Biobank.Bioprobe.Container.Additiv","","","",0,*,"","","","CodeableConcept {[]} {[]}
","Zusatzstoffe im Container","Zusatzstoffe im Container","","","","","","","","","",,,,,"",,,,"Biobank.Bioprobe.Container.Additiv",0,*,"","","Specimen.container.additive"
"Biobank.Bioprobe.Probenentnahme","Biobank.Bioprobe.Probenentnahme","","","",0,1,"","","","BackboneElement {[]} {[]}
","Informationen zur Entnahme der Probe","Informationen zur Entnahme der Probe","","","","","","","","","",,,,,"",,,,"Biobank.Bioprobe.Probenentnahme",0,1,"","ele-1:All FHIR elements must have a @value or children {hasValue() or (children().count() > id.count())}
","Specimen.collection"
"Biobank.Bioprobe.Probenentnahme.id","Biobank.Bioprobe.Probenentnahme.id","","","",0,1,"","","","string {[]} {[]}
","Unique id for inter-element referencing","Unique id for the element within a resource (for internal references). This may be any string value that does not contain spaces.","","","","","","","","","",,,,,"",,,,"Element.id",0,1,"",""
"Biobank.Bioprobe.Probenentnahme.extension","Biobank.Bioprobe.Probenentnahme.extension","","extensions
user content","",0,*,"","","","Extension {[]} {[]}
","Additional content defined by implementations","May be used to represent additional information that is not part of the basic definition of the element. To make the use of extensions safe and manageable, there is a strict set of governance  applied to the definition and use of extensions. Though any implementer can define an extension, there is a set of requirements that SHALL be met as part of the definition of the extension.","There can be no stigma associated with the use of extensions by any application, project, or standard - regardless of the institution or jurisdiction that uses or defines the extensions.  The use of extensions is what allows the FHIR specification to retain a core level of simplicity for everyone.","","","","","","","","",,,,,"","value:url}
","Extensions are always sliced by (at least) url",,"open","Element.extension",0,*,"","ele-1:All FHIR elements must have a @value or children {hasValue() or (children().count() > id.count())}
ext-1:Must have either extensions or value[x], not both {extension.exists() != value.exists()}"
"Biobank.Bioprobe.Probenentnahme.modifierExtension","Biobank.Bioprobe.Probenentnahme.modifierExtension","","extensions
user contentmodifiers","",0,*,"","Y","Y","Extension {[]} {[]}
","Extensions that cannot be ignored even if unrecognized","May be used to represent additional information that is not part of the basic definition of the element and that modifies the understanding of the element in which it is contained and/or the understanding of the containing element's descendants. Usually modifier elements provide negation or qualification. To make the use of extensions safe and manageable, there is a strict set of governance applied to the definition and use of extensions. Though any implementer can define an extension, there is a set of requirements that SHALL be met as part of the definition of the extension. Applications processing a resource are required to check for modifier extensions.

Modifier extensions SHALL NOT change the meaning of any elements on Resource or DomainResource (including cannot change the meaning of modifierExtension itself).","There can be no stigma associated with the use of extensions by any application, project, or standard - regardless of the institution or jurisdiction that uses or defines the extensions.  The use of extensions is what allows the FHIR specification to retain a core level of simplicity for everyone.","Modifier extensions allow for extensions that *cannot* be safely ignored to be clearly distinguished from the vast majority of extensions which can be safely ignored.  This promotes interoperability by eliminating the need for implementers to prohibit the presence of extensions. For further information, see the [definition of modifier extensions](http://hl7.org/fhir/R4/extensibility.html#modifierExtension).","","","","","","","",,,,,"",,,,"BackboneElement.modifierExtension",0,*,"","ele-1:All FHIR elements must have a @value or children {hasValue() or (children().count() > id.count())}
ext-1:Must have either extensions or value[x], not both {extension.exists() != value.exists()}"
"Biobank.Bioprobe.Probenentnahme.Entnahme-ID","Biobank.Bioprobe.Probenentnahme.Entnahme-ID","","","",0,1,"","","","Identifier {[]} {[]}
","Entnahme-ID","Entnahme-ID","","","","","","","","","",,,,,"",,,,"Biobank.Bioprobe.Probenentnahme.Entnahme-ID",0,1,"","","Specimen.collection.request"
"Biobank.Bioprobe.Probenentnahme.EinstellungBlutversorgung","Biobank.Bioprobe.Probenentnahme.EinstellungBlutversorgung","","","",0,1,"","","","dateTime {[]} {[]}
","Zeitpunkt der Einstellung der Blutversorgung zur Probe. Kann zur Berechnung der warmen Ischaemiezeit verwendet werden.","Zeitpunkt der Einstellung der Blutversorgung zur Probe. Kann zur Berechnung der warmen Ischaemiezeit verwendet werden.","","","","","","","","","",,,,,"",,,,"Biobank.Bioprobe.Probenentnahme.EinstellungBlutversorgung",0,1,"","","Specimen.collection.extension[einstellungBlutversorgung]"
"Biobank.Bioprobe.Probenentnahme.Entnahmezeitpunkt","Biobank.Bioprobe.Probenentnahme.Entnahmezeitpunkt","","","",0,1,"","","","dateTime {[]} {[]}
","Zeitpunkt der Ent- / Abnahme der Probe. Kann zur Berechnung der kalten Ischaemiezeit verwendet werden.","Zeitpunkt der Ent- / Abnahme der Probe. Kann zur Berechnung der kalten Ischaemiezeit verwendet werden.","","","","","","","","","",,,,,"",,,,"Biobank.Bioprobe.Probenentnahme.Entnahmezeitpunkt",0,1,"","","Specimen.collection.collected[x]"
"Biobank.Bioprobe.Probenentnahme.Entnahmestelle","Biobank.Bioprobe.Probenentnahme.Entnahmestelle","","","",0,1,"","","","CodeableConcept {[]} {[]}
","Lokalisation der Körperstelle, von der die Probe stammt","Lokalisation der Körperstelle, von der die Probe stammt","","","","","","","","","",,,,,"",,,,"Biobank.Bioprobe.Probenentnahme.Entnahmestelle",0,1,"","","Specimen.collection.bodySite"
"Biobank.Bioprobe.Probenentnahme.Nuechternstatus","Biobank.Bioprobe.Probenentnahme.Nuechternstatus","","","",0,1,"","","","CodeableConcept {[]} {[]}
","Nüchterstatus des:der Patent:in zum Zeitpunkt der Entnahme der Probe. Muss aus dem http://terminology.hl7.org/ValueSet/v2-0916 stammen.","Nüchterstatus des:der Patent:in zum Zeitpunkt der Entnahme der Probe. Muss aus dem http://terminology.hl7.org/ValueSet/v2-0916 stammen.","","","","","","","","","",,,,,"",,,,"Biobank.Bioprobe.Probenentnahme.Nuechternstatus",0,1,"","","Specimen.collection.fastingStatusCodeableConcept"
"Biobank.Bioprobe.Probenentnahme.NuechternstatusDauer","Biobank.Bioprobe.Probenentnahme.NuechternstatusDauer","","","",0,1,"","","","Quantity {[]} {[]}
","Zeitliche Dauer der Nüchternheit vor der Probenentnahme","Zeitliche Dauer der Nüchternheit vor der Probenentnahme","","","","","","","","","",,,,,"",,,,"Biobank.Bioprobe.Probenentnahme.NuechternstatusDauer",0,1,"","","Specimen.collection.fastingStatusDuration"
"Biobank.Bioprobe.Verarbeitungsprozess","Biobank.Bioprobe.Verarbeitungsprozess","","","",0,1,"","","","BackboneElement {[]} {[]}
","Prozedur der Probenbearbeitung","Prozedur der Probenbearbeitung","","","","","","","","","",,,,,"",,,,"Biobank.Bioprobe.Verarbeitungsprozess",0,1,"","ele-1:All FHIR elements must have a @value or children {hasValue() or (children().count() > id.count())}
","Specimen.processing"
"Biobank.Bioprobe.Verarbeitungsprozess.id","Biobank.Bioprobe.Verarbeitungsprozess.id","","","",0,1,"","","","string {[]} {[]}
","Unique id for inter-element referencing","Unique id for the element within a resource (for internal references). This may be any string value that does not contain spaces.","","","","","","","","","",,,,,"",,,,"Element.id",0,1,"",""
"Biobank.Bioprobe.Verarbeitungsprozess.extension","Biobank.Bioprobe.Verarbeitungsprozess.extension","","extensions
user content","",0,*,"","","","Extension {[]} {[]}
","Additional content defined by implementations","May be used to represent additional information that is not part of the basic definition of the element. To make the use of extensions safe and manageable, there is a strict set of governance  applied to the definition and use of extensions. Though any implementer can define an extension, there is a set of requirements that SHALL be met as part of the definition of the extension.","There can be no stigma associated with the use of extensions by any application, project, or standard - regardless of the institution or jurisdiction that uses or defines the extensions.  The use of extensions is what allows the FHIR specification to retain a core level of simplicity for everyone.","","","","","","","","",,,,,"","value:url}
","Extensions are always sliced by (at least) url",,"open","Element.extension",0,*,"","ele-1:All FHIR elements must have a @value or children {hasValue() or (children().count() > id.count())}
ext-1:Must have either extensions or value[x], not both {extension.exists() != value.exists()}"
"Biobank.Bioprobe.Verarbeitungsprozess.modifierExtension","Biobank.Bioprobe.Verarbeitungsprozess.modifierExtension","","extensions
user contentmodifiers","",0,*,"","Y","Y","Extension {[]} {[]}
","Extensions that cannot be ignored even if unrecognized","May be used to represent additional information that is not part of the basic definition of the element and that modifies the understanding of the element in which it is contained and/or the understanding of the containing element's descendants. Usually modifier elements provide negation or qualification. To make the use of extensions safe and manageable, there is a strict set of governance applied to the definition and use of extensions. Though any implementer can define an extension, there is a set of requirements that SHALL be met as part of the definition of the extension. Applications processing a resource are required to check for modifier extensions.

Modifier extensions SHALL NOT change the meaning of any elements on Resource or DomainResource (including cannot change the meaning of modifierExtension itself).","There can be no stigma associated with the use of extensions by any application, project, or standard - regardless of the institution or jurisdiction that uses or defines the extensions.  The use of extensions is what allows the FHIR specification to retain a core level of simplicity for everyone.","Modifier extensions allow for extensions that *cannot* be safely ignored to be clearly distinguished from the vast majority of extensions which can be safely ignored.  This promotes interoperability by eliminating the need for implementers to prohibit the presence of extensions. For further information, see the [definition of modifier extensions](http://hl7.org/fhir/R4/extensibility.html#modifierExtension).","","","","","","","",,,,,"",,,,"BackboneElement.modifierExtension",0,*,"","ele-1:All FHIR elements must have a @value or children {hasValue() or (children().count() > id.count())}
ext-1:Must have either extensions or value[x], not both {extension.exists() != value.exists()}"
"Biobank.Bioprobe.Verarbeitungsprozess.Startzeitpunkt","Biobank.Bioprobe.Verarbeitungsprozess.Startzeitpunkt","","","",0,1,"","","","dateTime {[]} {[]}
","Zeitpunkt des Beginns der Probenbearbeitung","Zeitpunkt des Beginns der Probenbearbeitung","","","","","","","","","",,,,,"",,,,"Biobank.Bioprobe.Verarbeitungsprozess.Startzeitpunkt",0,1,"","","Specimen.processing.timePeriod.start"
"Biobank.Bioprobe.Verarbeitungsprozess.Endzeitpunkt","Biobank.Bioprobe.Verarbeitungsprozess.Endzeitpunkt","","","",0,1,"","","","dateTime {[]} {[]}
","Zeitpunkt des Abschlusses der Probenbearbeitung","Zeitpunkt des Abschlusses der Probenbearbeitung","","","","","","","","","",,,,,"",,,,"Biobank.Bioprobe.Verarbeitungsprozess.Endzeitpunkt",0,1,"","","Specimen.processing.timePeriod.end"
"Biobank.Bioprobe.Verarbeitungsprozess.Verarbeitungstyp","Biobank.Bioprobe.Verarbeitungsprozess.Verarbeitungstyp","","","",0,1,"","","","BackboneElement {[]} {[]}
","Prozedur der Probenbearbeitung","Prozedur der Probenbearbeitung","","","","","","","","","",,,,,"",,,,"Biobank.Bioprobe.Verarbeitungsprozess.Verarbeitungstyp",0,1,"","","Specimen.processing.procedure"
"Biobank.Bioprobe.Verarbeitungsprozess.Temperatur","Biobank.Bioprobe.Verarbeitungsprozess.Temperatur","","","",0,1,"","","","Range {[]} {[]}
","Temperatur bei der die Probenverarbeitung stattfand. Angabe exakt oder in Wertebereichen (siehe SPREC)","Temperatur bei der die Probenverarbeitung stattfand. Angabe exakt oder in Wertebereichen (siehe SPREC)","","","","","","","","","",,,,,"",,,,"Biobank.Bioprobe.Verarbeitungsprozess.Temperatur",0,1,"","","Specimen.processing.extension[temperaturbedingungen]"
"Biobank.Bioprobe.Verarbeitungsprozess.Modus","Biobank.Bioprobe.Verarbeitungsprozess.Modus","","","",0,1,"","","","CodeableConcept {[]} {[]}
","Abhängig vom Verarbeitungstyp - bei Zentrifugation SPREC","Abhängig vom Verarbeitungstyp - bei Zentrifugation SPREC","","","","","","","","","",,,,,"",,,,"Biobank.Bioprobe.Verarbeitungsprozess.Modus",0,1,"","","Specimen.processing.procedure"
"Biobank.Bioprobe.Verarbeitungsprozess.VerwendungAdditive","Biobank.Bioprobe.Verarbeitungsprozess.VerwendungAdditive","","","",0,1,"","","","boolean {[]} {[]}
","Ja/Nein Angabe, ob ein Zusatzstoff verwendet wurde","Ja/Nein Angabe, ob ein Zusatzstoff verwendet wurde","","","","","","","","","",,,,,"",,,,"Biobank.Bioprobe.Verarbeitungsprozess.VerwendungAdditive",0,1,"","","Specimen.processing.additive"
"Biobank.Bioprobe.Verarbeitungsprozess.Additiv","Biobank.Bioprobe.Verarbeitungsprozess.Additiv","","","",0,*,"","","","CodeableConcept {[]} {[]}
","Additive bei der Probenbearbeitung wie Fixationsmittel; Einbettungs- und Eindeckungsmedien","Additive bei der Probenbearbeitung wie Fixationsmittel; Einbettungs- und Eindeckungsmedien","","","","","","","","","",,,,,"",,,,"Biobank.Bioprobe.Verarbeitungsprozess.Additiv",0,*,"","","Specimen.processing.additive"
"Biobank.Bioprobe.Lagerprozess","Biobank.Bioprobe.Lagerprozess","","","",0,1,"","","","BackboneElement {[]} {[]}
","Lagerung einer Probe","Lagerung einer Probe","","","","","","","","","",,,,,"",,,,"Biobank.Bioprobe.Lagerprozess",0,1,"","ele-1:All FHIR elements must have a @value or children {hasValue() or (children().count() > id.count())}
","Specimen.processing[lagerprozess]"
"Biobank.Bioprobe.Lagerprozess.id","Biobank.Bioprobe.Lagerprozess.id","","","",0,1,"","","","string {[]} {[]}
","Unique id for inter-element referencing","Unique id for the element within a resource (for internal references). This may be any string value that does not contain spaces.","","","","","","","","","",,,,,"",,,,"Element.id",0,1,"",""
"Biobank.Bioprobe.Lagerprozess.extension","Biobank.Bioprobe.Lagerprozess.extension","","extensions
user content","",0,*,"","","","Extension {[]} {[]}
","Additional content defined by implementations","May be used to represent additional information that is not part of the basic definition of the element. To make the use of extensions safe and manageable, there is a strict set of governance  applied to the definition and use of extensions. Though any implementer can define an extension, there is a set of requirements that SHALL be met as part of the definition of the extension.","There can be no stigma associated with the use of extensions by any application, project, or standard - regardless of the institution or jurisdiction that uses or defines the extensions.  The use of extensions is what allows the FHIR specification to retain a core level of simplicity for everyone.","","","","","","","","",,,,,"","value:url}
","Extensions are always sliced by (at least) url",,"open","Element.extension",0,*,"","ele-1:All FHIR elements must have a @value or children {hasValue() or (children().count() > id.count())}
ext-1:Must have either extensions or value[x], not both {extension.exists() != value.exists()}"
"Biobank.Bioprobe.Lagerprozess.modifierExtension","Biobank.Bioprobe.Lagerprozess.modifierExtension","","extensions
user contentmodifiers","",0,*,"","Y","Y","Extension {[]} {[]}
","Extensions that cannot be ignored even if unrecognized","May be used to represent additional information that is not part of the basic definition of the element and that modifies the understanding of the element in which it is contained and/or the understanding of the containing element's descendants. Usually modifier elements provide negation or qualification. To make the use of extensions safe and manageable, there is a strict set of governance applied to the definition and use of extensions. Though any implementer can define an extension, there is a set of requirements that SHALL be met as part of the definition of the extension. Applications processing a resource are required to check for modifier extensions.

Modifier extensions SHALL NOT change the meaning of any elements on Resource or DomainResource (including cannot change the meaning of modifierExtension itself).","There can be no stigma associated with the use of extensions by any application, project, or standard - regardless of the institution or jurisdiction that uses or defines the extensions.  The use of extensions is what allows the FHIR specification to retain a core level of simplicity for everyone.","Modifier extensions allow for extensions that *cannot* be safely ignored to be clearly distinguished from the vast majority of extensions which can be safely ignored.  This promotes interoperability by eliminating the need for implementers to prohibit the presence of extensions. For further information, see the [definition of modifier extensions](http://hl7.org/fhir/R4/extensibility.html#modifierExtension).","","","","","","","",,,,,"",,,,"BackboneElement.modifierExtension",0,*,"","ele-1:All FHIR elements must have a @value or children {hasValue() or (children().count() > id.count())}
ext-1:Must have either extensions or value[x], not both {extension.exists() != value.exists()}"
"Biobank.Bioprobe.Lagerprozess.Einlagerungszeitpunkt","Biobank.Bioprobe.Lagerprozess.Einlagerungszeitpunkt","","","",0,1,"","","","dateTime {[]} {[]}
","Zeitpunkt des Beginns der Einlagerung der Probe","Zeitpunkt des Beginns der Einlagerung der Probe","","","","","","","","","",,,,,"",,,,"Biobank.Bioprobe.Lagerprozess.Einlagerungszeitpunkt",0,1,"","","Specimen.processing[lagerprozess].timePeriod.start"
"Biobank.Bioprobe.Lagerprozess.Auslagerungspunkt","Biobank.Bioprobe.Lagerprozess.Auslagerungspunkt","","","",0,1,"","","","dateTime {[]} {[]}
","Zeitpunkt des Endes der Einlagerung der Probe","Zeitpunkt des Endes der Einlagerung der Probe","","","","","","","","","",,,,,"",,,,"Biobank.Bioprobe.Lagerprozess.Auslagerungspunkt",0,1,"","","Specimen.processing[lagerprozess].timePeriod.end"
"Biobank.Bioprobe.Lagerprozess.Lagerungsbedingungen","Biobank.Bioprobe.Lagerprozess.Lagerungsbedingungen","","","",0,1,"","","","Range {[]} {[]}
","Temperaturbereich in dem die Probe gelagert wurde bzw. wird. Angabe in Wertebereichen wie in SPREC","Temperaturbereich in dem die Probe gelagert wurde bzw. wird. Angabe in Wertebereichen wie in SPREC","","","","","","","","","",,,,,"",,,,"Biobank.Bioprobe.Lagerprozess.Lagerungsbedingungen",0,1,"","","Specimen.processing[lagerprozess].extension[temperaturbedingungen]"
"Biobank.Bioprobe.Laborbefund","Biobank.Bioprobe.Laborbefund","","","",0,1,"","","","Reference {[]} {[]}
","Referenz auf den zu einer Probe gehörenden Laborbefund","Referenz auf den zu einer Probe gehörenden Laborbefund","","","","","","","","","",,,,,"",,,,"Biobank.Bioprobe.Laborbefund",0,1,"",""
"Biobank.Bioprobe.Pathologiebefund","Biobank.Bioprobe.Pathologiebefund","","","",0,1,"","","","Reference {[]} {[]}
","Referenz auf den zu einer Probe gehörenden Pathologiebefund","Referenz auf den zu einer Probe gehörenden Pathologiebefund","","","","","","","","","",,,,,"",,,,"Biobank.Bioprobe.Pathologiebefund",0,1,"",""
"Biobank.Bioprobe.Zelllinie-Organoid","Biobank.Bioprobe.Zelllinie_Organoid","","","",0,1,"","","","BackboneElement {[]} {[]}
","Beschreibung einer Zelllinie/eines Organoides. Alle Attribute der Bioprobe sind hier ebenfalls anwendbar.","Beschreibung einer Zelllinie/eines Organoides. Alle Attribute der Bioprobe sind hier ebenfalls anwendbar.","","","","","","","","","",,,,,"",,,,"Biobank.Bioprobe.Zelllinie_Organoid",0,1,"","ele-1:All FHIR elements must have a @value or children {hasValue() or (children().count() > id.count())}
","Specimen"
"Biobank.Bioprobe.Zelllinie-Organoid.id","Biobank.Bioprobe.Zelllinie_Organoid.id","","","",0,1,"","","","string {[]} {[]}
","Unique id for inter-element referencing","Unique id for the element within a resource (for internal references). This may be any string value that does not contain spaces.","","","","","","","","","",,,,,"",,,,"Element.id",0,1,"",""
"Biobank.Bioprobe.Zelllinie-Organoid.extension","Biobank.Bioprobe.Zelllinie_Organoid.extension","","extensions
user content","",0,*,"","","","Extension {[]} {[]}
","Additional content defined by implementations","May be used to represent additional information that is not part of the basic definition of the element. To make the use of extensions safe and manageable, there is a strict set of governance  applied to the definition and use of extensions. Though any implementer can define an extension, there is a set of requirements that SHALL be met as part of the definition of the extension.","There can be no stigma associated with the use of extensions by any application, project, or standard - regardless of the institution or jurisdiction that uses or defines the extensions.  The use of extensions is what allows the FHIR specification to retain a core level of simplicity for everyone.","","","","","","","","",,,,,"","value:url}
","Extensions are always sliced by (at least) url",,"open","Element.extension",0,*,"","ele-1:All FHIR elements must have a @value or children {hasValue() or (children().count() > id.count())}
ext-1:Must have either extensions or value[x], not both {extension.exists() != value.exists()}"
"Biobank.Bioprobe.Zelllinie-Organoid.modifierExtension","Biobank.Bioprobe.Zelllinie_Organoid.modifierExtension","","extensions
user contentmodifiers","",0,*,"","Y","Y","Extension {[]} {[]}
","Extensions that cannot be ignored even if unrecognized","May be used to represent additional information that is not part of the basic definition of the element and that modifies the understanding of the element in which it is contained and/or the understanding of the containing element's descendants. Usually modifier elements provide negation or qualification. To make the use of extensions safe and manageable, there is a strict set of governance applied to the definition and use of extensions. Though any implementer can define an extension, there is a set of requirements that SHALL be met as part of the definition of the extension. Applications processing a resource are required to check for modifier extensions.

Modifier extensions SHALL NOT change the meaning of any elements on Resource or DomainResource (including cannot change the meaning of modifierExtension itself).","There can be no stigma associated with the use of extensions by any application, project, or standard - regardless of the institution or jurisdiction that uses or defines the extensions.  The use of extensions is what allows the FHIR specification to retain a core level of simplicity for everyone.","Modifier extensions allow for extensions that *cannot* be safely ignored to be clearly distinguished from the vast majority of extensions which can be safely ignored.  This promotes interoperability by eliminating the need for implementers to prohibit the presence of extensions. For further information, see the [definition of modifier extensions](http://hl7.org/fhir/R4/extensibility.html#modifierExtension).","","","","","","","",,,,,"",,,,"BackboneElement.modifierExtension",0,*,"","ele-1:All FHIR elements must have a @value or children {hasValue() or (children().count() > id.count())}
ext-1:Must have either extensions or value[x], not both {extension.exists() != value.exists()}"
"Biobank.Bioprobe.Zelllinie-Organoid.Phaenotyp-Diagnose","Biobank.Bioprobe.Zelllinie_Organoid.Phaenotyp-Diagnose","","","",0,*,"","","","Reference {[]} {[]}
","Phänotyp oder Diagnose der Zelllinie / des Organoids, wenn nicht patientenbezogen angebbar.","Phänotyp oder Diagnose der Zelllinie / des Organoids, wenn nicht patientenbezogen angebbar.","","","","","","","","","",,,,,"",,,,"Biobank.Bioprobe.Zelllinie_Organoid.Phaenotyp-Diagnose",0,*,"","","Specimen.extension[diagnose] / https://www.medizininformatik-initiative.de/fhir/ext/modul-onko/StructureDefinition/mii-pr-onko-tnm-klassifikation"
"Biobank.Bioprobe.Zelllinie-Organoid.Karyotyp","Biobank.Bioprobe.Zelllinie_Organoid.Karyotyp","","","",0,1,"","","","CodeableConcept {[]} {[]}
","Karyotyp der Zelllinie/Organoids.","Karyotyp der Zelllinie/Organoids.","","","","","","","","","",,,,,"",,,,"Biobank.Bioprobe.Zelllinie_Organoid.Karyotyp",0,1,"","","Observation(https://www.medizininformatik-initiative.de/fhir/ext/modul-biobank/StructureDefinition/mii-pr-biobank-observation-karyotyp)"
"Biobank.Bioprobe.Zelllinie-Organoid.Morphologie","Biobank.Bioprobe.Zelllinie_Organoid.Morphologie","","","",0,1,"","","","CodeableConcept {[]} {[]}
","Morphologie der Zelllinie/Organoids.","Morphologie der Zelllinie/Organoids.","","","","","","","","","",,,,,"",,,,"Biobank.Bioprobe.Zelllinie_Organoid.Morphologie",0,1,"","","Observation(https://www.medizininformatik-initiative.de/fhir/ext/modul-biobank/StructureDefinition/mii-pr-biobank-observation-morphologie)"
"Biobank.Bioprobe.Zelllinie-Organoid.Mutationen","Biobank.Bioprobe.Zelllinie_Organoid.Mutationen","","","",0,*,"","","","Reference {[]} {[]}
","Mögliche Mutationen der Zelllinie/Organoids.","Mögliche Mutationen der Zelllinie/Organoids.","","","","","","","","","",,,,,"",,,,"Biobank.Bioprobe.Zelllinie_Organoid.Mutationen",0,*,"","","Observation(Modul MolGen)"
"Biobank.Bioprobe.Zelllinie-Organoid.Wachstumstyp","Biobank.Bioprobe.Zelllinie_Organoid.Wachstumstyp","","","",0,1,"","","","CodeableConcept {[]} {[]}
","Wachstumstyp der Zelllinie/Organoids.","Wachstumstyp der Zelllinie/Organoids.","","","","","","","","","",,,,,"",,,,"Biobank.Bioprobe.Zelllinie_Organoid.Wachstumstyp",0,1,"","","Observation(https://www.medizininformatik-initiative.de/fhir/ext/modul-biobank/StructureDefinition/mii-pr-biobank-observation-wachstumstyp)"
"Biobank.Bioprobe.Zelllinie-Organoid.Zellproliferation","Biobank.Bioprobe.Zelllinie_Organoid.Zellproliferation","","","",0,1,"","","","CodeableConcept {[]} {[]}
","Art der Zellproliferation der Zelllinie/Organoids.","Art der Zellproliferation der Zelllinie/Organoids.","","","","","","","","","",,,,,"",,,,"Biobank.Bioprobe.Zelllinie_Organoid.Zellproliferation",0,1,"","","Observation(https://www.medizininformatik-initiative.de/fhir/ext/modul-biobank/StructureDefinition/mii-pr-biobank-observation-proliferation)"
"Biobank.Bioprobe.Zelllinie-Organoid.Passage","Biobank.Bioprobe.Zelllinie_Organoid.Passage","","","",0,1,"","","","integer {[]} {[]}
","Anzahl der Passagen.","Anzahl der Passagen.","","","","","","","","","",,,,,"",,,,"Biobank.Bioprobe.Zelllinie_Organoid.Passage",0,1,"","","Specimen.extension[anzahlPassagen]"
"Biobank.Bioprobe.Zelllinie-Organoid.Modifikationen","Biobank.Bioprobe.Zelllinie_Organoid.Modifikationen","","","",0,*,"","","","CodeableConcept {[]} {[]}
","Optional: Vorgenommene Modifikationen.","Optional: Vorgenommene Modifikationen.","","","","","","","","","",,,,,"",,,,"Biobank.Bioprobe.Zelllinie_Organoid.Modifikationen",0,*,"","","Specimen.extension[modifikationen]"
"Biobank.Bioprobe.Zelllinie-Organoid.Qualitaetspruefung","Biobank.Bioprobe.Zelllinie_Organoid.Qualitaetspruefung","","","",0,*,"","","","CodeableConcept {[]} {[]}
","Z.B. Viabilität, Test auf Mykoplasmen, Wiederauftaubarkeit / Wiederinkulturnahme.","Z.B. Viabilität, Test auf Mykoplasmen, Wiederauftaubarkeit / Wiederinkulturnahme.","","","","","","","","","",,,,,"",,,,"Biobank.Bioprobe.Zelllinie_Organoid.Qualitaetspruefung",0,*,"","","Observation(https://www.medizininformatik-initiative.de/fhir/ext/modul-biobank/StructureDefinition/mii-pr-biobank-observation-qualitaetspruefung)"
"Biobank.Bioprobe.Zelllinie-Organoid.Protokoll-Kultur","Biobank.Bioprobe.Zelllinie_Organoid.Protokoll-Kultur","","","",0,1,"","","","Reference {[]} {[]}
","Kulturprotokoll der Zelllinie/Organoids.","Kulturprotokoll der Zelllinie/Organoids.","","","","","","","","","",,,,,"",,,,"Biobank.Bioprobe.Zelllinie_Organoid.Protokoll-Kultur",0,1,"","","Specimen.extension[kulturprotokoll]"
"Biobank.Bioprobe.Zelllinie-Organoid.Kulturbedigungen","Biobank.Bioprobe.Zelllinie_Organoid.Kulturbedigungen","","","",0,*,"","","","CodeableConcept {[]} {[]}
","Kulturbedingungen der Zelllinie/Organoids.","Kulturbedingungen der Zelllinie/Organoids.","","","","","","","","","",,,,,"",,,,"Biobank.Bioprobe.Zelllinie_Organoid.Kulturbedigungen",0,*,"","","Observation"
"Biobank.Probensammlung-Biobank","Biobank.Probensammlung-Biobank","","","",0,1,"","","","BackboneElement {[]} {[]}
","Organisation, die Proben verwaltet","Organisation, die Proben verwaltet","","","","","","","","","",,,,,"",,,,"Biobank.Probensammlung-Biobank",0,1,"","ele-1:All FHIR elements must have a @value or children {hasValue() or (children().count() > id.count())}
","Biobank"
"Biobank.Probensammlung-Biobank.id","Biobank.Probensammlung-Biobank.id","","","",0,1,"","","","string {[]} {[]}
","Unique id for inter-element referencing","Unique id for the element within a resource (for internal references). This may be any string value that does not contain spaces.","","","","","","","","","",,,,,"",,,,"Element.id",0,1,"",""
"Biobank.Probensammlung-Biobank.extension","Biobank.Probensammlung-Biobank.extension","","extensions
user content","",0,*,"","","","Extension {[]} {[]}
","Additional content defined by implementations","May be used to represent additional information that is not part of the basic definition of the element. To make the use of extensions safe and manageable, there is a strict set of governance  applied to the definition and use of extensions. Though any implementer can define an extension, there is a set of requirements that SHALL be met as part of the definition of the extension.","There can be no stigma associated with the use of extensions by any application, project, or standard - regardless of the institution or jurisdiction that uses or defines the extensions.  The use of extensions is what allows the FHIR specification to retain a core level of simplicity for everyone.","","","","","","","","",,,,,"","value:url}
","Extensions are always sliced by (at least) url",,"open","Element.extension",0,*,"","ele-1:All FHIR elements must have a @value or children {hasValue() or (children().count() > id.count())}
ext-1:Must have either extensions or value[x], not both {extension.exists() != value.exists()}"
"Biobank.Probensammlung-Biobank.modifierExtension","Biobank.Probensammlung-Biobank.modifierExtension","","extensions
user contentmodifiers","",0,*,"","Y","Y","Extension {[]} {[]}
","Extensions that cannot be ignored even if unrecognized","May be used to represent additional information that is not part of the basic definition of the element and that modifies the understanding of the element in which it is contained and/or the understanding of the containing element's descendants. Usually modifier elements provide negation or qualification. To make the use of extensions safe and manageable, there is a strict set of governance applied to the definition and use of extensions. Though any implementer can define an extension, there is a set of requirements that SHALL be met as part of the definition of the extension. Applications processing a resource are required to check for modifier extensions.

Modifier extensions SHALL NOT change the meaning of any elements on Resource or DomainResource (including cannot change the meaning of modifierExtension itself).","There can be no stigma associated with the use of extensions by any application, project, or standard - regardless of the institution or jurisdiction that uses or defines the extensions.  The use of extensions is what allows the FHIR specification to retain a core level of simplicity for everyone.","Modifier extensions allow for extensions that *cannot* be safely ignored to be clearly distinguished from the vast majority of extensions which can be safely ignored.  This promotes interoperability by eliminating the need for implementers to prohibit the presence of extensions. For further information, see the [definition of modifier extensions](http://hl7.org/fhir/R4/extensibility.html#modifierExtension).","","","","","","","",,,,,"",,,,"BackboneElement.modifierExtension",0,*,"","ele-1:All FHIR elements must have a @value or children {hasValue() or (children().count() > id.count())}
ext-1:Must have either extensions or value[x], not both {extension.exists() != value.exists()}"
"Biobank.Probensammlung-Biobank.Kontakt","Biobank.Probensammlung-Biobank.Kontakt","","","",0,*,"","","","BackboneElement {[]} {[]}
","Kontaktinformationen einer Sammlung/Biobank für Anfragen zu Bioproben","Kontaktinformationen einer Sammlung/Biobank für Anfragen zu Bioproben","","","","","","","","","",,,,,"",,,,"Biobank.Probensammlung-Biobank.Kontakt",0,*,"","ele-1:All FHIR elements must have a @value or children {hasValue() or (children().count() > id.count())}
","Biobank.contact"
"Biobank.Probensammlung-Biobank.Kontakt.id","Biobank.Probensammlung-Biobank.Kontakt.id","","","",0,1,"","","","string {[]} {[]}
","Unique id for inter-element referencing","Unique id for the element within a resource (for internal references). This may be any string value that does not contain spaces.","","","","","","","","","",,,,,"",,,,"Element.id",0,1,"",""
"Biobank.Probensammlung-Biobank.Kontakt.extension","Biobank.Probensammlung-Biobank.Kontakt.extension","","extensions
user content","",0,*,"","","","Extension {[]} {[]}
","Additional content defined by implementations","May be used to represent additional information that is not part of the basic definition of the element. To make the use of extensions safe and manageable, there is a strict set of governance  applied to the definition and use of extensions. Though any implementer can define an extension, there is a set of requirements that SHALL be met as part of the definition of the extension.","There can be no stigma associated with the use of extensions by any application, project, or standard - regardless of the institution or jurisdiction that uses or defines the extensions.  The use of extensions is what allows the FHIR specification to retain a core level of simplicity for everyone.","","","","","","","","",,,,,"","value:url}
","Extensions are always sliced by (at least) url",,"open","Element.extension",0,*,"","ele-1:All FHIR elements must have a @value or children {hasValue() or (children().count() > id.count())}
ext-1:Must have either extensions or value[x], not both {extension.exists() != value.exists()}"
"Biobank.Probensammlung-Biobank.Kontakt.modifierExtension","Biobank.Probensammlung-Biobank.Kontakt.modifierExtension","","extensions
user contentmodifiers","",0,*,"","Y","Y","Extension {[]} {[]}
","Extensions that cannot be ignored even if unrecognized","May be used to represent additional information that is not part of the basic definition of the element and that modifies the understanding of the element in which it is contained and/or the understanding of the containing element's descendants. Usually modifier elements provide negation or qualification. To make the use of extensions safe and manageable, there is a strict set of governance applied to the definition and use of extensions. Though any implementer can define an extension, there is a set of requirements that SHALL be met as part of the definition of the extension. Applications processing a resource are required to check for modifier extensions.

Modifier extensions SHALL NOT change the meaning of any elements on Resource or DomainResource (including cannot change the meaning of modifierExtension itself).","There can be no stigma associated with the use of extensions by any application, project, or standard - regardless of the institution or jurisdiction that uses or defines the extensions.  The use of extensions is what allows the FHIR specification to retain a core level of simplicity for everyone.","Modifier extensions allow for extensions that *cannot* be safely ignored to be clearly distinguished from the vast majority of extensions which can be safely ignored.  This promotes interoperability by eliminating the need for implementers to prohibit the presence of extensions. For further information, see the [definition of modifier extensions](http://hl7.org/fhir/R4/extensibility.html#modifierExtension).","","","","","","","",,,,,"",,,,"BackboneElement.modifierExtension",0,*,"","ele-1:All FHIR elements must have a @value or children {hasValue() or (children().count() > id.count())}
ext-1:Must have either extensions or value[x], not both {extension.exists() != value.exists()}"
"Biobank.Probensammlung-Biobank.Kontakt.Vorname","Biobank.Probensammlung-Biobank.Kontakt.Vorname","","","",0,1,"","","","string {[]} {[]}
","Vorname der Ansprechperson","Vorname der Ansprechperson","","","","","","","","","",,,,,"",,,,"Biobank.Probensammlung-Biobank.Kontakt.Vorname",0,1,"","","Biobank.contact.given"
"Biobank.Probensammlung-Biobank.Kontakt.Nachname","Biobank.Probensammlung-Biobank.Kontakt.Nachname","","","",0,1,"","","","string {[]} {[]}
","Nachname der Ansprechperson","Nachname der Ansprechperson","","","","","","","","","",,,,,"",,,,"Biobank.Probensammlung-Biobank.Kontakt.Nachname",0,1,"","","Biobank.contact.family"
"Biobank.Probensammlung-Biobank.Kontakt.E-Mail","Biobank.Probensammlung-Biobank.Kontakt.E-Mail","","","",0,1,"","","","string {[]} {[]}
","E-Mailadresse für Anfragen","E-Mailadresse für Anfragen","","","","","","","","","",,,,,"",,,,"Biobank.Probensammlung-Biobank.Kontakt.E-Mail",0,1,"","","Biobank.contact.telecom[email]"
"Biobank.Probensammlung-Biobank.Kontakt.Rolle","Biobank.Probensammlung-Biobank.Kontakt.Rolle","","","",0,1,"","","","CodeableConcept {[]} {[]}
","Rolle der Ansprechperson in der Sammlung/Biobank","Rolle der Ansprechperson in der Sammlung/Biobank","","","","","","","","","",,,,,"",,,,"Biobank.Probensammlung-Biobank.Kontakt.Rolle",0,1,"","","Biobank.contact.extension[rolle]"
"Biobank.Probensammlung-Biobank.Kontakt.Adresse","Biobank.Probensammlung-Biobank.Kontakt.Adresse","","","",0,1,"","","","Address {[]} {[]}
","Kontaktadresse für Forschungsvorhaben","Kontaktadresse für Forschungsvorhaben","","","","","","","","","",,,,,"",,,,"Biobank.Probensammlung-Biobank.Kontakt.Adresse",0,1,"","","Biobank.contact.address"
"Biobank.Probensammlung-Biobank.Sammlungs-ID","Biobank.Probensammlung-Biobank.Sammlungs-ID","","","",0,1,"","","","Identifier {[]} {[]}
","Interner Identifer der Sammlung/Biobank","Interner Identifer der Sammlung/Biobank","","","","","","","","","",,,,,"",,,,"Biobank.Probensammlung-Biobank.Sammlungs-ID",0,1,"","","Biobank.identifier"
"Biobank.Probensammlung-Biobank.BBMRI-ERIC-ID","Biobank.Probensammlung-Biobank.BBMRI-ERIC-ID","","","",0,1,"","","","Identifier {[]} {[]}
","Identifier der Sammlung/Biobank im BBMRI ERIC Netzwerk","Identifier der Sammlung/Biobank im BBMRI ERIC Netzwerk","","","","","","","","","",,,,,"",,,,"Biobank.Probensammlung-Biobank.BBMRI-ERIC-ID",0,1,"","","Biobank.identifier[bbmri-eric-id]"
"Biobank.Probensammlung-Biobank.Akronym","Biobank.Probensammlung-Biobank.Akronym","","","",0,1,"","","","string {[]} {[]}
","Akronym der Sammlung/Biobank","Akronym der Sammlung/Biobank","","","","","","","","","",,,,,"",,,,"Biobank.Probensammlung-Biobank.Akronym",0,1,"","","Biobank.alias"
"Biobank.Probensammlung-Biobank.Name","Biobank.Probensammlung-Biobank.Name","","","",0,1,"","","","string {[]} {[]}
","Name der Sammlung/Biobank","Name der Sammlung/Biobank","","","","","","","","","",,,,,"",,,,"Biobank.Probensammlung-Biobank.Name",0,1,"","","Biobank.name"
"Biobank.Probensammlung-Biobank.Beschreibung","Biobank.Probensammlung-Biobank.Beschreibung","","","",0,1,"","","","string {[]} {[]}
","Beschreibung der Sammlung/Biobank","Beschreibung der Sammlung/Biobank","","","","","","","","","",,,,,"",,,,"Biobank.Probensammlung-Biobank.Beschreibung",0,1,"","","Biobank.extension[beschreibung]"
"Biobank.Probensammlung-Biobank.Sammlungstyp","Biobank.Probensammlung-Biobank.Sammlungstyp","","","",0,1,"","","","CodeableConcept {[]} {[]}
","Typ der Sammlung/Biobank gemäß BBMRI ERIC Directory Werteliste","Typ der Sammlung/Biobank gemäß BBMRI ERIC Directory Werteliste","","","","","","","","","",,,,,"",,,,"Biobank.Probensammlung-Biobank.Sammlungstyp",0,1,"","","Biobank.extension[collectionSetting] / Biobank.extension[collectionDesign]"
"Biobank.Probensammlung-Biobank.besteht-aus","Biobank.Probensammlung-Biobank.besteht-aus","","","",0,*,"","","","Reference {[]} {[]}
","Verknüpfung der Teilsammlungen","Verknüpfung der Teilsammlungen","","","","","","","","","",,,,,"",,,,"Biobank.Probensammlung-Biobank.besteht-aus",0,*,"","","Biobank.partOf"
